Unnamed: 0,SeriousDlqin2yrs,RevolvingUtilizationOfUnsecuredLines,age,NumberOfTime30-59DaysPastDueNotWorse,DebtRatio,MonthlyIncome,NumberOfOpenCreditLinesAndLoans,NumberOfTimes90DaysLate,NumberRealEstateLoansOrLines,NumberOfTime60-89DaysPastDueNotWorse,NumberOfDependents
1,0,0.21961741644047808,66,0,0.38703501416757496,,11,0,1,0,0.0
2,1,0.6957063174545748,60,0,0.36634134857336614,2987.474981121807,4,0,1,3,
3,0,0.0077929661826043415,61,0,0.774969039032453,1127.5324959052946,1,0,1,0,1.0
4,0,0.12522236442323928,32,1,0.22814402441067907,,6,0,0,0,0.0
5,0,0.14350540946964155,68,0,0.08569315227941127,3283.1597870003707,13,0,0,0,1.0
6,0,0.15265965425939976,55,0,0.08483477200642807,3022.2017043032006,8,0,4,0,1.0
7,0,0.26037331645958117,46,0,0.5857268906029303,1197.1391291921789,7,0,1,0,0.0
8,0,0.22881513130586065,54,0,0.12347382119282152,,8,0,1,0,0.0
9,0,0.28087540748244594,27,0,0.583087607646121,1751.8287656737853,11,0,2,0,1.0
10,0,0.4343019386360643,57,0,0.09221196072755627,5150.039093318074,9,0,2,0,0.0
11,0,0.5029711204455494,37,0,0.1552582059855496,10199.523250493916,7,0,0,0,1.0
12,1,0.8798854231494173,33,1,0.4505596701820886,6886.88079296922,13,0,0,0,0.0
13,0,0.9338396175012615,30,0,1.1472583548588593,4685.727898152607,5,0,0,0,0.0
14,0,0.005520253374810008,67,0,1.0737222868672227,,14,0,3,0,0.0
15,0,0.06536397321375388,43,0,0.09270820037734294,2571.436912033144,0,0,0,0,1.0
16,0,0.0022774855594247067,73,1,0.1774032876984581,5711.518878023783,7,1,1,0,2.0
17,0,0.3127898779223255,44,0,0.06472503088168495,2618.248191724976,7,0,2,0,0.0
18,0,0.6849246030199431,28,0,0.28532777518418,5783.056152281942,9,0,1,0,0.0
19,0,0.08370880328333204,36,0,0.24690620773099484,8479.397926671449,14,1,1,0,
20,0,0.7853307498671156,69,1,0.9240863028432028,10614.776392101629,2,0,2,0,0.0
21,0,0.018647970581616193,49,1,1.0637347461883067,1842.8277909015671,7,0,0,0,0.0
22,0,0.8174186769000353,44,0,0.1935225098444559,,5,0,0,0,
23,0,0.1299847437919615,54,0,0.2707032416859787,9081.398464437363,10,0,0,0,0.0
24,0,0.032082138417581056,59,1,0.9062554361212944,4908.033724132076,14,0,1,0,1.0
25,0,0.19958476466982347,67,0,0.6574209141743945,11750.243778474647,7,0,1,0,1.0
26,0,0.08902756892345157,72,0,0.0014652047956219417,32608.43308855608,5,0,2,0,1.0
27,0,0.10058849777749858,46,0,0.15430003161448735,1554.6782952938968,8,0,2,0,3.0
28,0,0.11014313614838357,33,1,0.21911636067303375,4104.29754732334,4,0,1,0,0.0
29,0,0.487404905989627,46,0,0.10439854770043455,733.0798795195301,10,0,0,0,3.0
30,0,0.23241214144147812,55,0,0.08904328580098303,5733.728098303935,11,0,1,0,0.0
31,0,0.11188820872603576,38,0,0.015406739113658495,6583.457837713753,8,0,1,0,1.0
32,0,0.2827394282863537,38,1,0.41242227132235065,4763.177695817028,11,0,0,0,1.0
33,0,0.3777935173944304,56,0,0.12180125762520869,,10,0,1,0,0.0
34,1,0.5954935226624138,51,1,0.2215068263106873,,14,1,1,0,4.0
35,1,0.6600999001877306,52,1,0.30505496218143074,6626.466247403089,10,1,3,3,1.0
36,0,0.03899368785642016,41,0,0.6476215044220508,,5,0,1,0,4.0
37,0,0.059956070316641616,48,0,0.7628389890111489,3063.107600731927,7,1,0,0,0.0
38,0,0.34288010778785105,39,1,0.26393621860788985,,9,0,0,0,1.0
39,0,0.06006196844509417,64,0,0.2151901257800425,1401.7609536820019,9,1,1,0,1.0
40,0,0.22343534991963002,66,1,1.524033818364538,,13,0,1,0,1.0
41,0,0.37037729983190565,26,0,0.0895398500042689,3587.798857426824,9,0,1,0,1.0
42,0,0.03390926505614113,38,0,0.09701174045386364,2670.6192130807126,11,0,1,0,0.0
43,0,0.251321661770444,31,1,0.13804943993109497,2675.011844115665,4,0,3,0,2.0
44,0,0.08894128802774524,42,0,0.07586287149456966,3587.140817053772,5,0,0,1,0.0
45,0,0.9884588915423778,50,0,0.1908052381526929,6673.813085519291,10,0,1,0,0.0
46,0,0.19823051139804213,31,0,0.966903209471762,1720.3266060913134,7,0,0,1,3.0
47,0,0.4919576152306077,39,0,0.38216633409299666,,7,0,1,0,
48,0,0.23970337499808334,37,1,0.21237497259774518,4754.384755270153,12,0,0,0,1.0
49,0,0.013314914783959837,54,0,1.0897376591850514,2040.1296125312788,7,0,1,0,0.0
50,0,0.3008417950723057,52,1,0.019871200912274612,20688.477077574167,12,0,0,1,0.0
51,1,1.4072601560374198,41,4,0.29442879476941364,,4,2,1,0,0.0
52,0,0.27609852682614733,54,0,0.3337816430173866,2876.847826667955,8,0,1,0,0.0
53,1,1.0130906644123188,44,3,0.5823793443053933,2247.005320804943,8,0,1,2,0.0
54,0,0.64678395904621,48,0,0.016144468020887034,20718.536667219938,5,0,1,0,0.0
55,0,0.07766221975095007,75,0,0.2063612355257905,7648.953980371426,15,0,0,0,0.0
56,0,0.07149422825404672,70,0,0.41896311919659174,2323.2594058538048,7,0,1,0,
57,0,0.2832381194128591,33,0,0.47902475450305515,11908.23250540191,12,0,2,0,0.0
58,0,0.15881322970007317,63,0,0.4065990451579851,5770.759358473233,4,0,1,0,
59,0,0.5495144946506771,63,0,0.15459643805481582,6037.846797489791,9,0,3,0,1.0
60,0,0.6908449061138567,35,0,0.03927457930365236,3730.950227959528,13,0,2,0,2.0
61,0,0.1308181435270544,63,0,0.22282632923792495,2698.5428211516396,4,0,1,0,0.0
62,0,0.08109828438253291,73,0,0.05513256401029818,,10,0,0,0,0.0
63,0,0.45495578873773457,36,1,1.179720115238914,3177.754886839064,10,1,1,0,2.0
64,0,0.09639483682024973,39,1,0.2578730113818151,21023.675862366414,8,0,1,0,0.0
65,0,0.5188286776557105,66,0,0.15265598243104797,1780.3533161451194,10,0,0,0,0.0
66,0,0.16535799022662304,55,1,0.5814937831467065,16796.493414603305,7,0,2,0,0.0
67,0,0.33037965096161104,59,0,0.27562110372754006,4496.006876134749,7,1,0,0,1.0
68,0,0.030123605187337737,56,0,0.14844519710783566,6243.327592259199,12,0,1,0,1.0
69,0,0.2933376207196122,57,0,0.6684566991372887,9571.318155929139,13,1,0,0,0.0
70,1,0.6803168413888355,33,0,1.0074203192435656,2968.465892979104,8,1,0,4,1.0
71,0,0.26500803121998145,66,0,0.44712803270263674,9812.366017784374,8,0,0,0,0.0
72,0,0.05518197447694737,68,0,0.01924121752749959,,9,0,1,0,1.0
73,0,0.40053639142455977,48,0,0.3341819941109113,2762.8233076527576,11,0,0,0,0.0
74,0,0.5958882789635632,51,1,0.5763761068470944,2346.663366418292,5,0,1,0,1.0
75,0,0.0732870980065618,30,0,0.05870594785119479,1802.9783044499234,6,0,2,1,1.0
76,0,0.03018306337884029,59,1,0.10385598222766586,4138.282515999077,9,0,1,0,1.0
77,0,0.007176737979472197,60,0,0.8565101149084207,6691.544373550809,9,0,1,0,0.0
78,0,0.3081428064148762,51,0,0.008130768401697823,8622.479771539132,6,0,1,0,1.0
79,0,0.2802554919971754,67,0,0.5589051387735595,5959.258894458333,7,0,0,0,
80,0,0.23735862401506969,47,0,0.2568092625100695,2885.4762060750695,9,0,0,0,1.0
81,0,0.07916899888238664,59,0,0.23679414119228315,,11,0,1,0,0.0
82,0,0.14873479951956156,37,1,0.002848733059296283,5428.556588112267,10,0,0,0,0.0
83,0,0.27077281426179656,51,0,0.6845843370937359,10392.554698178797,2,0,2,0,0.0
84,0,0.20601051449757476,49,0,0.17840541891709102,9150.367874687145,6,0,0,0,0.0
85,0,1.321539949014398,55,0,0.3112778368194898,5036.069174831416,7,0,1,1,
86,0,0.04400748378459819,46,1,0.4524137227120364,2397.537852780194,8,0,3,0,
87,0,0.35637526872613906,50,0,0.48511067997127233,2915.043073960742,15,0,0,0,
88,0,0.1554148802431198,63,0,1.2492450156933887,3165.8235695888343,7,0,0,0,1.0
89,0,0.16768959769551472,45,0,0.303151048140329,,8,0,2,0,0.0
90,0,0.37932685842571584,29,0,0.20414332717110126,6090.225220694731,9,0,2,0,1.0
91,0,0.35372177259594434,76,0,1.2290766587649606,,7,0,0,0,0.0
92,0,1.421816042359311,71,1,0.4110121036255791,4717.833861480777,9,0,0,0,0.0
93,0,0.04122543724097493,33,1,0.14161443225074352,4978.579211015756,6,1,2,0,0.0
94,0,0.03298117501219662,61,0,0.054082487071883414,5511.791822892788,11,0,0,1,1.0
95,0,0.38657482970206264,44,1,0.7394703686604956,3252.8140086038475,10,0,0,0,1.0
96,0,0.25910017514039413,55,0,0.1798806720136342,2344.168875317472,9,0,1,1,2.0
97,0,0.09612797773500784,56,0,0.4320768599975555,1206.7060842834726,4,0,1,0,0.0
98,0,0.024825206204339242,48,0,0.25456794959647666,2818.2756732862026,11,1,1,0,2.0
99,0,0.02686526131917238,41,0,0.08872266803283163,7176.136050180963,4,0,2,0,0.0
100,0,0.6738355537396767,42,0,0.36820646720807715,2800.8293523358398,12,0,1,0,0.0
101,0,0.0639087095579892,39,0,0.025040934786608418,,12,0,1,1,0.0
102,0,0.11718989788427424,40,0,0.213325614535071,7137.693971090046,9,0,2,0,0.0
103,0,0.07710954902868998,51,0,0.31640539669856027,7454.33929217717,5,0,1,2,1.0
104,0,0.1315497704431262,41,0,0.22911372735878366,,12,1,1,0,2.0
105,0,0.021585408219488948,61,0,0.5523988469306967,10912.317599251217,7,0,1,0,0.0
106,0,0.21960369660766044,72,1,0.7039298346165958,12111.129127726363,10,0,0,0,1.0
107,0,0.02100205391323241,43,0,0.5900381191337085,,4,0,0,0,0.0
108,0,0.4833666126477756,55,1,0.015834498270571574,2542.569605359155,11,0,1,0,
109,0,0.0798591923052618,58,1,0.08633252562422912,12744.72254063257,10,0,0,0,2.0
110,0,0.23296640734457838,58,0,0.3076723487310652,4369.995170742426,9,0,0,0,
111,0,0.6362768449469225,53,0,1.0922535643262945,832.2872569906814,13,0,0,0,0.0
112,0,0.31569961212307923,62,0,0.7206191480033732,1603.9984084917653,6,0,0,0,2.0
113,0,0.2284006897724195,58,0,0.7394195781475449,,6,0,1,0,0.0
114,0,0.11761681274524381,34,0,0.1445074450559825,1938.2986442373276,7,0,1,1,1.0
115,0,0.12149043036715404,64,0,0.22446031413163398,3530.733728723259,6,0,1,0,0.0
116,0,0.33213274517092084,64,0,0.25448445454895974,5043.809712949615,8,0,0,1,
117,0,1.5418490024121914,41,0,0.06849168201893052,15832.240584035233,9,0,1,0,1.0
118,0,0.32527011808956935,52,0,0.012624391765209717,3895.731973206743,10,0,0,0,1.0
119,0,0.24478665329039437,61,0,1.1742531824005187,11591.570589937588,12,0,1,0,1.0
120,0,0.3935236572578434,49,0,0.11014995930026127,15413.640292172056,11,0,1,0,0.0
121,0,0.18776187839472266,67,1,0.10974784640765428,15482.222907059302,9,0,0,1,0.0
122,0,0.018608053044965264,85,1,0.034824502028866965,6172.1571486837765,6,0,0,0,0.0
123,0,0.2478642780431883,40,0,1.0552665015816094,1021.8486642122662,13,0,1,0,0.0
124,0,0.9483610281886005,32,0,0.34674993867955295,7105.752116787144,9,0,0,0,0.0
125,0,0.05782174888221106,56,0,0.43988939087420964,11369.844499329423,11,0,1,0,1.0
126,0,0.3513596275404774,62,0,0.9702487548847882,4606.143871905318,4,0,1,0,0.0
127,0,0.06729340312267738,48,0,0.1696269258463905,19844.20087467016,8,1,1,0,2.0
128,0,0.23024982780793393,72,0,0.3886234089503832,9777.771256489521,8,0,1,0,0.0
129,0,0.030502345110708266,33,0,0.015828883135337573,7743.574655180078,4,0,1,0,0.0
130,0,0.1795534973537642,61,0,0.0826977661981869,11720.61538452608,11,0,2,1,0.0
131,0,0.423376997562737,43,0,0.7117248363248817,6416.935081196173,9,0,1,0,1.0
132,0,0.12811612844563625,76,0,0.5822892561917828,668.9782848502568,5,0,0,0,2.0
133,0,0.3280083818628265,79,0,0.17270886452885112,3296.73821458784,7,0,0,0,0.0
134,0,0.47608279287490507,41,0,0.18916193524959382,12806.836665330453,7,0,2,0,2.0
135,1,1.2859204078112625,44,0,0.5050455802021108,,15,0,0,2,
136,0,0.08022350631466668,64,0,9.641349257225351e-05,4110.179562918265,4,1,0,2,2.0
137,0,0.15290583987436043,46,0,0.11043018871080786,2130.5404286185903,6,1,1,0,1.0
138,0,0.049609603596720835,51,0,0.09339464705829263,20478.64830333177,16,0,1,0,2.0
139,0,1.4671964886144164,52,0,0.11533048354511498,18867.45890239193,7,0,0,0,2.0
140,1,1.2851927291475715,25,2,0.8557647559584693,2423.3469089524515,17,1,0,3,1.0
141,1,0.7329306796397368,51,2,0.33122047700653023,5529.421071351492,4,1,1,1,0.0
142,0,0.5536112976185915,42,0,0.08504038906765228,2851.512293390968,7,0,1,0,2.0
143,0,0.22079008658948587,45,0,0.28068426573286737,,7,0,1,0,1.0
144,0,0.2931194545865192,72,0,0.8029079996431978,7388.990948519081,10,0,2,0,1.0
145,0,0.028004693862906542,34,0,0.11048574025200925,9408.459000724519,8,0,0,1,0.0
146,0,0.42228043054672165,63,1,0.03271673314414435,6409.488555297517,3,0,1,1,2.0
147,0,0.040991200568672136,48,0,0.17627408890609114,51447.90210978165,11,0,1,0,1.0
148,0,0.5247266204806017,48,0,0.5507781986068565,2159.562616885818,6,0,1,0,2.0
149,0,0.4570167201055995,63,0,0.3200173674408729,1250.773346820551,7,0,0,0,3.0
150,0,0.3700665207280827,56,0,0.6788562540469076,3588.6373437410243,4,0,1,0,1.0
151,0,0.011049110415465935,59,1,1.2834924587174428,1401.9359580427963,7,0,0,0,0.0
152,0,0.10834621201546504,65,0,0.6293629066087085,1489.2533768579626,11,0,0,1,1.0
153,0,0.09159604175373824,47,0,0.3703375662724519,2206.0266416438353,4,0,1,1,0.0
154,0,0.1339500786058551,43,0,0.2719672984605159,2350.18393821195,11,0,2,1,
155,1,0.5275170921717133,36,1,0.2163575848223869,2289.9963861347683,5,0,1,1,0.0
156,0,0.8291853902676222,40,0,1.6621981887595323,7439.620811680396,11,1,1,1,0.0
157,0,0.24209790562895445,93,1,0.19346653461211907,3278.1966591109517,11,0,2,0,1.0
158,0,0.10937943658428065,69,0,0.06605751983782152,4257.291079234893,5,0,0,0,1.0
159,0,0.15174222933197973,33,0,0.4394955451470624,10050.585993524282,9,0,0,0,1.0
160,0,0.17782908067278907,33,0,0.1337911326014308,2662.2901238158493,7,0,1,0,0.0
161,0,0.2753333010662376,58,0,0.35254154842640206,3977.3191106919544,7,0,0,0,
162,0,0.21750247561363187,59,0,0.3534983509548582,6585.384408599179,7,0,2,0,1.0
163,0,0.755447113955294,59,0,0.23604120928599592,1039.7605856246996,7,0,0,0,0.0
164,0,0.20612775387623686,48,0,0.7234449513436726,729.293015417475,10,0,2,2,0.0
165,0,1.4544789796080706,50,0,0.12313598662525821,6482.709683907553,9,0,0,0,0.0
166,0,0.5719995339984841,56,1,0.23814155566874198,,7,0,2,0,1.0
167,0,0.07015160515182955,53,0,0.3086096886029117,25626.34256585041,13,0,1,0,0.0
168,0,0.8003398381766562,21,0,0.435811135924874,5577.388308260507,9,0,1,0,
169,0,0.037113833852982885,48,1,0.6129386232222918,9469.124895257426,11,0,1,0,1.0
170,0,0.5102188722032177,40,0,0.2008833323910059,4203.286024411903,8,1,1,0,1.0
171,0,0.14371248560012914,54,0,0.4154363940337065,6234.051848024469,7,0,3,0,0.0
172,0,0.6310571304729709,93,0,0.06529518250058844,18653.805889590458,8,0,0,0,1.0
173,0,0.607614875746688,57,0,1.0791296694956694,898.5710195960082,8,0,3,0,1.0
174,0,0.49185379750723424,47,0,0.19319262794551903,6842.394387802684,11,0,0,0,0.0
175,0,0.4682378080692783,64,0,0.523024951131814,27132.007108474296,6,0,0,0,2.0
176,0,0.10901456087753603,58,0,0.008220324254146275,6158.739293079711,6,0,3,0,1.0
177,0,0.02531439876022484,57,0,0.09185943676758648,,6,0,0,0,0.0
178,0,0.1547414894226899,60,0,0.2670561407488685,2970.9298998260274,6,0,1,0,1.0
179,1,0.5571755070099973,80,0,1.0423223144294784,4790.365559273401,13,2,1,0,0.0
180,0,0.3561849452932422,36,0,0.299679786042243,,9,1,1,0,0.0
181,0,0.1274401278639319,58,2,1.0629645974390762,833.744613394727,14,0,1,0,1.0
182,0,1.1140770906381248,39,0,0.26450199186860796,1930.3521718612785,5,0,2,0,1.0
183,0,0.30730653436083727,59,0,0.2696902092155618,2043.6647811770576,12,2,0,0,0.0
184,0,0.5186025526229813,39,0,0.05101826902355702,9486.764184886291,5,0,1,0,1.0
185,0,0.042650462629967835,46,0,0.6491232469459263,9874.61384348239,6,0,0,0,0.0
186,0,0.5941819630009353,47,0,0.11345764770338472,6369.200013903676,11,1,2,0,0.0
187,0,0.7682404345848398,65,0,0.9194869902403785,9502.235041886557,7,0,0,1,1.0
188,0,0.2002800421644748,64,0,0.9668583218537379,4309.945206132136,10,1,1,0,2.0
189,0,0.2796139649474972,34,0,1.1480637696339924,12855.735531843151,8,0,0,0,2.0
190,0,0.4342082202995513,52,0,0.29377979041507135,4949.445128888976,10,0,0,0,0.0
191,0,0.05765289253637378,42,1,0.4521573413152326,5147.627654638474,9,0,0,0,0.0
192,0,0.20948776446491835,34,0,0.6029617541390723,3973.989946898718,10,0,2,0,0.0
193,0,0.15257994470087033,48,1,0.0561715904963308,8497.781276484227,5,0,1,0,1.0
194,0,0.04747863331357831,47,0,0.36747463485536414,3508.8405937035795,9,0,0,0,2.0
195,0,0.13743884473701945,85,0,0.013959951509139173,10733.716078953728,10,0,1,0,1.0
196,0,0.02118220881123306,58,0,0.2753164627713195,1986.8002070126483,5,0,1,0,0.0
197,0,0.007845263990643794,32,1,0.06729299734244999,2040.330321873916,9,1,1,0,1.0
198,0,0.04356540969856908,44,0,0.08080874028158624,8518.03878780681,5,0,0,0,1.0
199,0,0.9899860019931322,66,0,0.18168207642901132,4578.673600716382,8,0,0,0,0.0
200,0,0.23923882996743684,81,0,0.22656152652529557,3418.259789500218,5,0,0,0,1.0
201,0,1.0128533495652319,29,1,0.3903870222626828,10017.072697325098,10,1,0,0,1.0
202,0,0.16995323730247494,25,0,0.030937522517985247,3023.5619491801513,11,0,0,1,0.0
203,0,0.11210976849921121,78,0,0.2802232384634775,4187.415498888078,9,0,5,0,0.0
204,0,0.21165209243318991,57,0,0.08066298098243463,15053.749269625765,8,0,2,0,0.0
205,0,0.1736840671879645,39,1,0.3413030639349151,16836.659087719185,9,0,0,0,1.0
206,0,0.033502350179517575,59,0,0.40578708028498217,17290.60497971194,12,0,1,0,1.0
207,0,0.3071847613192478,21,0,0.32541176738466765,,8,0,0,0,1.0
208,0,0.07301848859949919,52,0,0.5362157257483293,13155.067492074064,9,0,0,0,1.0
209,0,0.2899500853517291,56,0,0.16355392600304633,2300.398707050095,9,0,0,0,0.0
210,0,0.3151190517973859,64,1,0.5794493796618897,2379.1003719355645,7,1,0,0,0.0
211,0,0.049471185466333924,37,1,0.2267941075870612,749.6716554220413,9,0,1,0,0.0
212,0,0.018993662685159413,53,0,0.26480245293092736,18737.732704480586,10,1,0,0,0.0
213,0,0.45527864796717904,39,0,0.4177657118982143,2462.2137453329547,7,0,0,0,0.0
214,0,0.1847449866274159,55,0,0.007411596158125599,4441.617701276649,7,0,2,0,0.0
215,0,0.017977170031144754,39,1,0.42451992118653054,2372.597264940353,3,0,0,0,0.0
216,0,1.5815795930209995,46,0,0.38554705945610196,8570.935784296344,14,0,1,2,0.0
217,0,0.017855124427327104,38,0,0.14833685440441574,3639.1050733259553,6,1,0,0,0.0
218,0,0.3562677040500454,61,0,0.035879864650709636,1730.4668172507947,9,0,0,0,0.0
219,0,1.2345894232970858,64,0,0.0381356700516122,6997.652756807112,10,0,1,0,0.0
220,0,0.0820075850871441,48,0,1.0267439568716918,1560.8970704860385,5,0,1,0,1.0
221,0,0.04603255837007548,52,0,0.4675443637444856,2515.119055910491,7,0,0,0,1.0
222,0,0.0388225218072028,31,0,0.05437490863932949,,7,0,2,0,0.0
223,0,0.10840941178233295,47,0,0.17647204701988808,1573.1472509916275,7,0,2,0,0.0
224,0,0.03195696106546844,51,0,0.35906904576607535,5669.313625986878,9,0,1,0,1.0
225,0,0.353453840978455,88,0,0.7221122804060425,1020.8298659081098,7,0,0,0,0.0
226,0,0.019294939139858126,36,0,0.01785710069413578,,8,0,0,0,3.0
227,1,0.7136513757303911,72,2,0.3080066157979712,4905.463520337344,12,0,2,1,0.0
228,0,1.7138639660399804,65,0,0.8819982425514281,3181.5204267358768,11,0,0,0,0.0
229,0,0.5045546330030146,55,0,0.0036831249095939547,24188.42056946691,11,1,1,0,0.0
230,0,0.2865246229859621,76,0,0.08995758435197099,21313.953621609166,9,0,1,0,1.0
231,0,0.10969464992609558,57,0,1.27790921762865,2454.459933807745,11,0,1,0,1.0
232,0,0.2933667428457071,57,0,0.3801477954124755,7674.89655909928,4,0,1,0,0.0
233,0,0.22462426676386027,51,0,0.12134650033610579,,8,0,0,0,0.0
234,0,0.1665813483950087,69,0,0.027736213221055513,3047.317314631689,7,0,2,0,0.0
235,0,0.042023677758103534,67,0,0.011438538484645759,,12,0,1,0,2.0
236,0,0.6530613179436142,43,1,0.112279977542656,4866.650711448971,11,0,1,0,1.0
237,0,0.17923365893783466,33,0,0.8530890638599914,4280.064934824461,9,0,3,0,1.0
238,0,0.06493325461842407,49,1,0.21508258194107271,3468.1909690237767,7,0,2,0,1.0
239,0,0.13754555501488058,40,1,0.509662795723746,7001.3165892582465,4,0,3,1,0.0
240,0,0.1603970803860402,51,1,1.0018072513619745,,9,0,1,0,0.0
241,1,1.02727332532716,69,4,0.4097267974943879,1955.5015013183297,15,1,1,1,1.0
242,1,0.8968430968577834,45,2,0.2849197109487026,,9,0,2,1,0.0
243,0,0.4399974978510575,51,1,0.29119312736284436,6692.722854996391,8,0,0,0,0.0
244,0,0.003327768006460159,52,0,0.9547507031453378,1917.3207444461962,4,0,1,0,1.0
245,0,0.1614354079322926,63,0,0.6526210891475793,10326.539272427057,5,1,1,0,3.0
246,0,0.1969544163114482,21,0,0.027238670717115068,1192.2709034265529,8,0,0,0,1.0
247,0,0.00581365183993389,43,0,0.4718067871938506,3094.8949200615534,15,0,0,0,1.0
248,1,0.5902558112065479,54,1,0.5393570714211402,,8,2,1,0,1.0
249,1,0.9284974045143134,68,4,1.1520594480519262,,6,0,2,1,1.0
250,0,0.04424031520016678,45,0,0.05226285859511002,,16,0,0,1,1.0
251,0,0.22991551357945744,25,0,0.30545885760272184,21957.40207098086,8,1,2,0,0.0
252,0,0.07269862682306813,60,1,0.8463183906220539,2488.1449922002716,5,0,1,0,0.0
253,0,0.003658449074633286,43,1,0.21106922376261325,34647.37963599194,9,0,0,0,1.0
254,0,0.0828056885550898,35,0,0.26310809017770936,6972.306894288708,8,0,1,0,1.0
255,0,1.1173365069428634,43,0,0.029226467156957654,5290.373407813788,9,0,1,0,2.0
256,0,0.48514594738846417,49,0,0.13037164314890745,7193.925603306824,9,0,0,0,1.0
257,1,1.4625042650573699,43,3,0.35692478598385485,37195.467796129466,5,2,1,0,1.0
258,0,0.20074368723335037,21,0,1.1610603666188062,2219.696151610063,8,0,0,0,0.0
259,0,0.03487123625855775,64,0,0.13288624546647773,,6,1,1,0,1.0
260,0,0.23819504310050832,69,0,0.24711848156005983,2686.802335769932,9,0,0,0,0.0
261,0,0.18174828932607853,61,0,0.4450493024632651,5042.788680008558,7,0,1,0,0.0
262,1,1.0580572662199428,36,1,0.27078240957363325,1235.6879026053925,10,2,2,1,0.0
263,0,0.030969694825987146,49,0,0.26655722379758945,5003.392150341469,6,0,1,0,0.0
264,0,0.20097052068895385,51,0,0.5365881188643778,19050.29196589186,9,0,1,0,2.0
265,0,0.04877285511537734,60,1,0.8065272476099979,5547.629023552715,1,1,0,0,0.0
266,0,0.11776877850411133,61,0,0.39367718789417894,3888.7833835373863,11,0,1,0,1.0
267,0,0.40108796340743724,41,0,0.4423194377484113,2997.3134238757643,8,0,0,0,1.0
268,0,0.19388945798748533,53,0,0.053999718111037515,10085.04955027763,11,0,1,0,0.0
269,0,0.14142776892647776,58,0,1.1658563337542878,2538.513065749258,9,0,0,0,1.0
270,0,0.15049846204757347,72,0,0.05689006508806709,21528.151645330265,10,0,1,1,1.0
271,0,0.18454864827507697,61,0,0.5960809278897421,23079.217083120628,7,0,0,0,0.0
272,0,0.4611582605683392,63,0,0.12305396345890646,6035.419479653589,5,0,0,0,2.0
273,0,0.6679225548971239,53,0,1.084781988127667,4869.701543705944,7,0,0,0,1.0
274,0,0.9325674189066899,71,0,0.5091284736001893,11209.622571562077,5,0,0,0,1.0
275,0,0.46380288913670925,57,0,0.5606667061256617,11799.81109918366,7,0,2,0,1.0
276,0,0.11367918768121538,39,0,0.09890235910980633,,7,0,1,0,1.0
277,0,0.3495551804043061,71,1,0.23410472518733996,3225.2182246238913,4,0,0,0,1.0
278,0,0.17266424800946814,61,0,0.3847383082027231,,9,0,0,0,
279,0,0.08817871207469331,45,1,0.5878245092749274,6817.526151622248,6,0,0,1,0.0
280,0,0.5514131178571735,45,0,0.04390781106060464,8377.478948659485,7,0,1,0,0.0
281,0,0.011755235023126816,56,0,1.3119316876191027,1669.1328010191812,21,0,1,0,0.0
282,0,0.6961086279121116,58,1,0.8837132096183566,,10,0,2,1,0.0
283,0,0.18567778045178387,54,0,0.12607535204643922,1672.7041811145107,8,0,0,0,2.0
284,0,0.3041722894003672,56,0,0.6921007615426201,2394.5728705861093,5,0,1,0,0.0
285,0,0.3230733707148787,75,1,0.29219337214120594,7637.40869195114,10,0,0,0,0.0
286,0,0.6764750694177062,67,0,0.2478148335191721,,10,0,1,0,0.0
287,0,0.3037328676012813,54,1,0.15100426354742347,3863.540365288185,8,0,1,0,1.0
288,0,0.2855237592332616,65,0,0.34792375585225643,1336.9559339284538,10,0,2,0,1.0
289,0,0.02069316023457162,37,0,0.5235690916463481,,9,0,1,0,1.0
290,0,0.21919741259676542,57,0,0.2116860753369621,4743.7410010215235,11,0,1,0,0.0
291,0,0.048815332126986445,77,1,0.3968576830838497,2743.0688749500714,10,0,1,0,2.0
292,0,0.4011755757428235,48,1,0.4806740640658621,4225.05924363046,4,1,0,0,0.0
293,0,0.2153684196976285,40,0,0.496700076757819,5677.327579345005,7,1,1,0,1.0
294,0,0.34204390400145246,42,1,0.021346006360616582,2560.87808565946,10,0,0,1,0.0
295,0,0.012769835824906305,36,0,0.7857252355849806,1508.6793806664116,10,0,0,0,0.0
296,0,0.02658118040054356,41,0,0.24518270288372115,20836.458548822837,13,0,3,0,4.0
297,0,0.37797611399487796,46,1,0.1217501638843662,2961.2946582336963,9,0,2,0,1.0
298,0,0.022444328890387902,32,0,0.11070450617657179,4548.677987144119,9,0,0,0,3.0
299,0,0.022176878060703623,52,0,0.26389588096671884,11033.283852466206,9,0,1,0,0.0
300,0,0.003654714002938791,64,0,0.8715511077003986,82722.27154837354,10,0,1,0,0.0
301,0,0.9405079458659367,39,0,0.19014966217269597,1816.0350145022005,10,0,1,0,
302,0,0.4012608129046982,73,0,0.554079179813191,7043.509059924971,11,0,0,0,1.0
303,0,0.13073929072010976,59,0,0.04073280193318557,2790.4500547838134,9,0,1,0,0.0
304,0,0.10552139436902964,66,0,0.2585487242912769,3193.80334369274,17,0,1,0,1.0
305,0,0.12909793520006402,42,0,1.915932529839507,,10,0,2,0,0.0
306,1,0.9470348599194951,63,3,0.788632509760202,1997.1491661811197,12,1,1,1,
307,0,0.324854705288551,36,0,0.09455661203711749,4755.071019274027,15,0,1,0,0.0
308,0,0.06144214653299989,64,1,0.27841371666120635,1510.8049244955396,8,0,1,0,0.0
309,0,0.05738786443650657,54,0,0.10643334579901097,,5,0,0,0,1.0
310,0,0.031073847358301845,59,1,0.21075553110990208,5135.8587796961965,7,0,1,0,1.0
311,0,0.32391012301005384,35,0,0.6058038926600534,,10,0,2,0,0.0
312,0,0.4336511397671147,39,0,0.5900061935182459,3384.796652560247,5,0,0,0,0.0
313,0,0.09238438486607708,60,0,0.10356030424029067,,9,1,0,0,0.0
314,1,0.5063502255354846,38,1,1.2215654447746849,6186.0443592774545,9,4,3,3,1.0
315,0,0.025723472237080828,58,0,0.3591526719876015,1936.7362579617782,12,0,1,0,1.0
316,0,1.031296500851203,32,0,0.19116547881855783,3690.8337221260617,6,0,1,0,0.0
317,0,0.1050565695910876,63,0,0.2788103417846026,2470.8294646522104,8,0,2,0,0.0
318,0,0.43989121299120604,34,0,0.3716199675211811,2410.392681340338,8,0,2,0,0.0
319,0,0.2939797516464114,59,0,0.328292716701466,908.8039619518632,8,0,0,0,0.0
320,0,0.14435074674879772,60,0,0.26652813241892775,14349.369337044724,8,0,3,0,2.0
321,0,0.06908340568677106,42,0,0.2812247105248832,2837.7563390908986,15,0,0,0,0.0
322,0,0.038823026717130345,60,0,0.0776339061423811,12465.25987518766,10,0,0,0,0.0
323,0,0.28636368854384414,55,0,0.6700877447915519,11556.85281260317,11,0,0,0,0.0
324,0,0.4470085675022753,44,0,0.31214516513818286,1756.713889873322,4,0,2,0,0.0
325,1,0.8097666900691127,37,3,0.2562016234542934,2057.549542954818,9,2,2,1,
326,0,0.2266996883059417,24,0,0.5812423053529802,38116.493491674315,9,0,2,0,2.0
327,0,0.01285697619273271,56,1,1.077919230142604,,14,0,1,0,1.0
328,0,1.037223458926066,30,0,1.1773082989269408,4792.393197536993,8,0,0,0,0.0
329,0,0.48090883465330797,53,0,0.1841910075654892,6038.424938399837,9,0,0,0,
330,0,0.10394187859129417,48,2,0.05824939693527045,2967.048235953779,5,0,1,0,1.0
331,0,1.1731621718151655,61,0,0.2922562438897029,6945.728681037884,10,0,2,0,0.0
332,0,0.276301741340844,47,0,0.04778793621200833,2769.035876091598,5,0,1,0,0.0
333,0,0.2619856506134551,47,1,1.08716397061053,966.9211860474178,4,0,1,0,1.0
334,0,0.4135849884615043,62,0,0.08113035764549405,1707.4483990133729,6,0,3,1,0.0
335,0,0.501026860153163,56,0,0.11655068098710913,,14,0,1,1,0.0
336,0,0.32055176722441486,56,0,0.20877925130775124,1988.5205750168864,8,0,1,0,0.0
337,0,0.041122698594115485,58,0,0.1932611409179153,4657.238840773634,9,0,0,0,2.0
338,0,0.12386816769465248,30,1,0.6332408892426188,,7,0,2,0,3.0
339,0,0.7896754519272619,62,0,0.2437554370000894,2628.3639569314114,13,0,1,0,
340,0,0.07631891636128317,60,0,0.07490224851957543,9725.749599249923,7,0,3,0,2.0
341,0,0.1396443328238039,37,0,0.12435838775155439,5990.825161375953,13,0,1,0,1.0
342,0,0.1697307680156193,48,0,0.28461684196701564,4876.916639318354,8,1,2,0,2.0
343,0,0.1736269622769999,51,0,0.0638112061921229,9928.564438452051,7,0,0,0,0.0
344,0,0.2847523441656695,50,0,0.3783451595973981,7219.109415882176,5,0,1,0,0.0
345,0,0.8598106151340587,56,0,0.3336514685398777,15634.739884375369,12,0,3,1,3.0
346,0,0.08260461728225593,72,0,0.5016888559625021,3401.978966152481,11,0,0,0,1.0
347,0,0.0388622814014857,67,0,1.1103471756275753,,6,0,1,0,0.0
348,0,0.06599599556815942,33,2,0.9733261585391327,1735.6071731849347,10,0,2,0,0.0
349,0,0.6539109243301656,60,0,1.168069019364257,3487.0640896488644,5,1,2,0,1.0
350,0,0.31137722432286835,70,1,0.11226436319205975,10634.044890224926,5,0,0,0,0.0
351,0,0.10102253336370551,57,0,0.05642515635082777,13904.807154861814,8,0,2,0,0.0
352,0,0.5077593563324161,67,1,0.1439730695455683,10596.13016288332,5,0,1,0,0.0
353,0,0.5927840217599086,80,0,0.9018425708813486,1169.8683577997167,5,0,0,1,1.0
354,0,0.5622444383943226,66,1,1.4309849611188694,11690.316986391943,10,0,1,0,2.0
355,0,0.7537198629822696,55,0,0.784521066337297,1129.1101249062492,3,0,2,0,1.0
356,0,0.08720237172438462,66,0,0.04662149113337926,10081.868175236581,10,0,0,0,1.0
357,0,0.4220004662469166,54,0,1.1782286333826677,3662.028027256111,7,0,1,2,1.0
358,0,0.18515571235563427,52,0,0.22021348122835704,8621.605947737498,11,0,1,0,0.0
359,1,1.0535453261220356,47,3,0.20374156096877932,1692.6342491737685,4,2,1,0,0.0
360,0,0.39112764058042704,73,0,0.23364087770193642,12543.201770079913,17,0,1,0,0.0
361,0,0.44943262615967783,40,0,0.018865646025346936,,8,0,2,0,0.0
362,0,0.32027525720526273,73,0,0.3139979154182203,2879.108772705248,5,0,0,0,2.0
363,0,0.058596059287183755,58,2,0.1653307891570901,2211.716738673611,8,0,0,0,1.0
364,0,0.23625510725766136,32,0,0.2565521488506241,1207.819706466376,6,1,0,0,0.0
365,1,1.7533779785050836,57,1,0.5799083566044672,5300.847826817043,6,2,0,2,2.0
366,0,0.8312398164022298,22,0,0.8124163019108002,20845.039687972927,10,0,1,0,0.0
367,1,0.5132400338352758,60,3,0.6337672928071163,,7,3,0,3,1.0
368,0,0.054030540345226474,64,0,0.22769901782957175,5312.00498538195,10,0,4,0,1.0
369,0,0.04237534204580557,43,0,0.6846499513647089,12008.199895726359,7,0,0,0,1.0
370,0,0.38836615621811604,53,0,0.9440100012428188,5917.5376884094,6,1,1,2,1.0
371,0,0.5107709342087539,79,0,0.051024257314260205,7325.42575550489,10,1,0,0,0.0
372,0,0.07205310250501586,44,0,0.3036575131843326,3737.906891626755,14,0,1,1,1.0
373,0,0.21147648415185868,37,0,0.13391615813954966,5744.864132673902,4,0,4,0,0.0
374,0,0.551095521143341,72,0,0.01928183736809901,7555.136663467128,17,0,1,0,0.0
375,0,0.3959290855941529,79,0,0.4417073357401142,3094.037702989489,13,0,1,1,1.0
376,0,0.23442124348613846,52,0,0.7944410376361163,4619.328190015219,9,0,2,0,0.0
377,0,0.2677339513710097,66,0,0.07112596494437089,4690.3191342236605,3,0,0,0,0.0
378,0,0.2130028950205218,70,0,0.6694064187573413,9519.738451865052,10,0,0,0,1.0
379,0,0.10595365500048616,41,0,0.7680073548814752,2094.718095534007,8,0,1,0,1.0
380,0,0.24973794224044665,45,0,0.9829497898093836,4716.235671277778,6,0,2,1,1.0
381,0,0.35027808932904375,69,0,0.12330909252813083,22688.293718714205,7,0,1,0,1.0
382,0,0.6198342225322357,75,0,0.9371673210868272,12472.083704002827,10,1,0,1,0.0
383,0,0.3034206464624563,59,0,0.1546550381600016,14462.91750382176,5,0,2,0,2.0
384,0,0.42954011387565777,39,0,0.3214867302646239,5011.775247545283,10,0,0,0,1.0
385,0,0.052331601146737135,79,0,0.020731046774350694,6353.734637843709,7,0,0,0,0.0
386,0,0.1857223555999128,44,0,0.017949195645731702,10957.60410846226,13,0,0,0,0.0
387,0,0.002812629649336847,47,1,0.5097197870130945,17123.454718189,11,0,0,1,
388,0,0.08497910020736006,56,1,0.23514025092307755,1031.446711180166,9,0,2,0,0.0
389,0,0.3888941056833857,73,0,0.11844291961271752,1715.8209864577798,11,0,1,0,0.0
390,0,1.4414506322658416,63,1,0.08449266023164986,14010.401277239454,5,0,1,0,1.0
391,1,0.5313343129133278,57,2,0.6434086790648077,3938.237296009225,9,0,1,1,
392,0,0.15399577701642578,58,0,0.00016064986629193983,2871.5963355283384,8,0,0,0,2.0
393,0,0.48293784567052445,52,0,0.6557345174759487,1802.0338278854026,12,0,1,0,0.0
394,0,0.06846025837846913,59,1,0.033026518354455026,,9,0,0,0,
395,0,0.2429615737042847,21,2,0.08502470206382153,1600.553159651374,9,0,0,0,2.0
396,1,0.8962321047704407,47,3,0.39525817344011416,26183.256437455893,4,0,1,0,1.0
397,0,0.2871224511494297,55,0,0.2653256496464528,4827.341390810521,15,0,2,0,0.0
398,0,0.062485620190035014,35,0,0.17539895593341975,4692.118975691248,5,0,1,0,0.0
399,0,0.1317304111568972,57,0,0.15468413242513807,7867.2302374571445,10,0,1,0,0.0
400,0,0.4594540124681962,49,0,1.3287624239093787,10613.4371760006,9,0,1,0,1.0
401,0,0.24238330055885293,76,0,0.41041956261162693,10474.620607119845,6,0,0,0,0.0
402,0,0.0015730007502734928,74,0,0.009484749169740007,11601.591374314883,7,0,2,0,2.0
403,0,0.4293759200482871,45,0,0.22497103083584907,2967.050258665622,10,0,0,0,1.0
404,0,0.01078496319346626,49,0,0.8318044568214591,3872.6974395797165,9,0,0,0,2.0
405,0,0.4108120384059132,50,0,0.14350295079964293,9092.683192922595,8,0,0,1,
406,0,0.06787472059556164,45,0,0.03973209145418605,3223.0672610790757,7,1,1,0,2.0
407,0,0.9515510158679357,54,0,0.5681635133636777,4894.731464795683,9,0,1,0,0.0
408,0,0.137631642386881,41,0,0.3725757906948812,6761.574198582266,12,0,0,0,1.0
409,0,0.1187725032910069,36,0,0.3378788387606222,9210.948094872305,13,0,0,0,0.0
410,0,0.048363482500535675,60,0,0.022026079467880728,,8,0,0,0,0.0
411,0,0.10941395590465718,60,1,0.06056132083581085,8706.25071724738,9,0,2,0,0.0
412,1,1.1278206836529918,40,3,0.5897262279001795,4076.608834283016,9,2,4,0,0.0
413,1,2.182623869212717,64,3,0.2931885957997785,8655.63790636465,6,1,1,0,1.0
414,0,0.13780673048063402,43,0,0.28052826082197097,,11,0,0,0,4.0
415,0,0.17859421815311086,55,0,0.3148791452514724,,2,0,2,0,0.0
416,0,0.3841168113734729,63,0,0.13335482681369698,14512.460701521171,10,0,1,0,0.0
417,0,0.6519827038389042,51,0,1.1858884943442178,14432.780616035836,9,0,2,0,0.0
418,0,0.269715308603585,58,0,0.7392407814290719,,6,0,1,0,0.0
419,0,0.14904017983677945,44,1,0.512591448521422,6204.953401953148,3,0,0,0,2.0
420,0,0.15962593294510116,49,1,0.03248136118531959,5042.95787878441,6,1,1,0,1.0
421,0,0.3568416806267533,49,0,0.04487797994163521,9879.860453896941,7,0,1,0,0.0
422,0,0.0009670360056703874,41,0,0.27152523915120697,8827.832214594206,13,0,0,0,1.0
423,0,0.28995117566777556,49,1,0.0700811892672657,,5,0,3,0,0.0
424,0,0.13178088351892486,30,0,1.5315410964706473,6794.43196487908,9,0,4,0,2.0
425,0,0.47425124643323874,45,0,0.06903732433215824,4778.695243301697,4,0,0,0,1.0
426,0,0.02928075269695681,48,0,0.267356723947444,2482.0836633441263,7,1,0,0,
427,0,0.266166896813351,48,0,0.181098829881966,13799.237184073489,9,0,3,1,2.0
428,0,0.19673974856808343,48,0,0.40797932539913867,5136.665404988579,10,0,1,0,2.0
429,0,0.3084395989423934,51,0,0.05526204170164231,25310.2974605579,5,0,1,0,2.0
430,0,0.02011565355320456,58,0,0.22506968368622604,1338.9033787676842,7,0,1,0,1.0
431,0,0.2602385901264433,64,0,0.1284707422274078,3148.1711683012186,7,0,1,0,0.0
432,0,0.24730809618086416,42,0,0.874816134109318,5044.788803391107,8,0,2,0,1.0
433,0,0.2467445679302052,35,0,0.016572919009690688,12208.70960548168,6,0,0,0,1.0
434,0,0.2775144398122235,37,0,0.9800977272215189,6765.392093693231,12,0,0,0,1.0
435,0,0.3385371173471262,45,0,0.7158905474785168,6300.461750000196,9,0,1,0,3.0
436,0,0.4904097930347978,47,0,0.141284218725554,,5,1,0,0,1.0
437,0,0.09433955583787479,41,2,0.6229102421854531,1947.7826114618813,10,0,1,0,0.0
438,0,0.5229755066433693,33,0,0.012684433555126263,6361.399811293639,6,0,0,0,0.0
439,0,0.20689938487788284,45,0,1.362872704478794,1650.3046809106124,5,0,0,0,1.0
440,0,0.024056756239010737,54,0,0.299121559517812,,9,0,2,0,0.0
441,0,0.018100507822517282,60,0,0.14454925732288298,7337.356180043002,6,0,0,1,0.0
442,1,0.6220470525080765,44,4,0.38013261601182324,2239.7971488035782,5,1,1,1,2.0
443,0,0.4609914568191025,46,0,0.027485172895367213,17752.555739976342,9,0,2,0,1.0
444,0,0.36897281520623526,39,0,1.8168599032048953,13084.048237290901,8,0,1,0,0.0
445,0,0.4662221989420793,51,0,0.016033883698862324,1398.0923808449365,6,0,0,0,0.0
446,1,0.7184887499645565,40,1,0.6255766759654982,2331.117407078542,5,1,2,1,
447,1,0.674052173569371,60,1,0.4338864215714451,789.4829238589102,8,3,0,0,1.0
448,0,0.04785791526806485,26,0,1.1897152854129862,2627.864741259066,10,0,1,0,2.0
449,0,0.11933514459970958,46,0,0.1129450266214177,9073.476636156298,11,0,2,0,0.0
450,0,0.17075862516576995,56,0,0.30378900860430014,3529.403114241516,13,0,1,0,1.0
451,0,0.02783216148076852,54,0,0.263387173850736,7105.59509965972,9,0,0,1,0.0
452,0,0.07477386659418389,89,0,0.48542942316947785,1454.0856246278538,5,0,0,1,0.0
453,0,0.2735591341376283,56,0,0.0281733771386126,,5,0,0,0,2.0
454,0,0.39915927207291024,37,0,0.08616397816489485,3152.3787881323433,7,0,0,0,0.0
455,0,1.9216418641902429,50,0,0.09660693819886207,4962.851460818461,15,1,2,0,0.0
456,0,0.8114266813212946,27,1,0.535994536394545,4562.839467167018,10,0,5,0,0.0
457,0,0.3086406929408617,50,0,0.08386330335627729,1777.1410196639567,16,0,0,0,0.0
458,0,0.1640643929845793,40,0,0.3408494405252015,,4,0,2,1,1.0
459,0,0.3033266387339563,64,1,0.09695288352398951,10659.806815718275,4,0,1,0,0.0
460,0,0.4620457904229278,44,0,0.7911150108893379,6762.809748843903,9,0,1,0,0.0
461,0,0.037783339345810206,50,0,1.1402059530138269,11384.854896195398,16,0,4,0,0.0
462,0,0.15824146535091865,43,0,0.29233378316278524,6372.369060182255,6,0,1,0,1.0
463,0,0.5494039535514091,76,0,0.17373654777477684,5510.400071932853,7,0,1,0,
464,0,0.14527115108547395,47,0,0.10665941455637235,,12,0,1,0,0.0
465,1,0.7545001088630134,77,4,0.22042511849668153,3958.8412294085792,11,0,1,1,0.0
466,0,0.2658516847595217,63,0,0.1250632650752217,4808.269579914367,9,0,2,0,1.0
467,0,0.06117742138510528,58,0,0.42479927245688276,,10,0,1,0,0.0
468,0,0.13493582836467913,57,0,0.3050991786902968,8514.835769220826,11,0,1,0,0.0
469,0,0.12217008122659048,57,0,1.1532563888828589,16795.208986880305,9,0,1,1,1.0
470,1,0.5079637865644009,25,0,0.4018560921202564,7927.001838102088,11,0,0,0,1.0
471,0,0.0073467573811590945,48,0,0.4734894732099937,2782.089153280947,13,0,1,1,1.0
472,1,1.0345968836417418,63,1,0.4688069952308811,5397.544316522562,10,2,3,0,
473,0,0.09567786192901051,51,0,0.287448536449608,5937.116857581636,9,0,1,0,1.0
474,0,0.21899237811555616,32,0,0.12466659966291055,2318.4996298559995,6,0,0,0,0.0
475,0,0.10645679702396792,51,1,0.24275166827047656,3613.7095457230057,10,0,1,0,0.0
476,1,1.347438810847557,75,1,0.4545441987308301,4168.812095637575,7,1,1,1,0.0
477,0,0.0900465654601783,69,0,0.4905453405383664,17756.30363193913,5,1,0,0,1.0
478,0,0.1684551049255771,51,0,1.1296538665647968,930.2074071164857,16,0,0,0,2.0
479,1,1.1184339299346777,65,1,0.3597860242685851,12895.771379500091,8,5,1,1,0.0
480,0,0.5534219612946385,46,0,0.017246712120164553,2322.881714137451,5,0,1,0,2.0
481,0,0.06177585380716859,28,1,0.2743058995565177,1639.8116229800462,11,0,3,0,0.0
482,0,0.4868227731746381,39,0,0.31450986995377345,12631.559758411426,9,0,0,0,1.0
483,0,0.18385024394473648,73,0,0.07378099478884532,8826.540746379405,12,0,1,0,1.0
484,0,0.19789565926613775,48,0,0.5716216365285954,13408.109130610943,4,0,0,0,1.0
485,0,0.04298101706937079,48,0,1.677996042778061,9326.00075231162,9,0,1,0,2.0
486,0,0.02521069262199701,47,0,1.165843201377569,25536.804425790993,8,0,0,0,1.0
487,0,0.39051903043543174,78,0,0.08781305083390532,7684.6419917237545,6,0,2,0,0.0
488,0,0.20582832437905502,74,0,0.832940676506622,4336.479397237541,7,0,1,0,1.0
489,1,0.6722631512423394,83,1,0.6876259629528081,6466.181978895337,8,1,0,3,0.0
490,0,0.3922540803945114,49,0,0.24194212961876882,13290.108326825877,6,0,0,0,0.0
491,0,0.4351064096902156,56,0,0.31114316837399786,2634.634495033557,8,0,0,0,0.0
492,0,0.05191632922811984,30,0,0.7577832123657077,2917.5197509997365,8,0,2,0,1.0
493,0,0.28265580387505407,72,0,0.26167440015479937,3838.4809766473463,14,0,1,0,0.0
494,0,0.043630559858362415,35,0,0.18685581011130536,912.6329386048335,12,1,0,1,0.0
495,0,0.4175429663482048,55,0,0.27189301860036585,5488.787899170801,12,0,0,0,1.0
496,0,0.32096823018478315,36,1,0.34617232638589374,1086.913206208733,11,0,3,0,
497,0,0.9412898357880972,43,0,0.08383319204103545,5127.879245973163,6,0,2,0,0.0
498,0,0.021435272252559683,40,0,0.9246815381604153,,6,0,1,0,1.0
499,1,0.5176241080474513,43,4,0.6485726099102248,3355.9790717063884,9,1,0,1,0.0
500,1,0.5994638880784592,44,0,0.6012505777220161,18801.514350819027,6,3,0,0,1.0
501,0,0.09102381940691495,44,0,0.04192036942820322,1527.8232370337867,8,0,2,0,0.0
502,0,0.08509856888871817,63,0,0.37071216081216607,12746.455925324452,6,0,1,1,0.0
503,0,0.7101517422648927,36,0,0.05157025177644258,8434.701829247197,9,0,1,0,1.0
504,0,0.086123156569082,55,0,0.03278681578983189,1245.3518773201338,11,0,1,0,1.0
505,0,0.09521555269625843,69,0,0.2997269565010749,42986.24411669149,12,0,1,0,2.0
506,0,0.4273836760791483,44,1,0.20619159625898825,4670.417614432695,9,0,3,0,1.0
507,0,0.1792092296595171,41,1,0.35548021648557715,2435.756785935986,6,0,0,0,0.0
508,0,0.4497859194775379,48,0,0.03738251367767902,1594.5235313624382,9,0,0,0,1.0
509,1,0.5202801316285776,68,2,0.4255380315095165,,13,1,1,0,2.0
510,0,0.20057804763112103,54,0,0.07684535953674737,4438.512168517996,11,0,2,0,0.0
511,0,0.010257457481384949,44,1,1.74021385136837,5335.385516204866,8,0,0,0,1.0
512,0,0.019410585453189574,58,0,0.3294392376066126,3872.9163266989117,12,0,0,0,
513,1,1.2107375354436452,36,1,0.6651795140899185,8156.58004596502,6,1,3,1,1.0
514,0,0.04498373971393351,61,0,0.15746498210916504,3604.3478573552757,9,0,0,0,0.0
515,0,0.22805588431866294,57,0,0.03981275397259515,1045.268120580703,8,0,0,0,1.0
516,0,0.1588474265755684,47,1,1.4897340622488402,4361.2360919056655,12,0,2,0,1.0
517,0,0.12801121667836096,40,1,0.13489407084910912,739.5322393165458,3,0,0,0,0.0
518,0,0.6902759811026481,39,1,0.22052586474838073,6522.522748577457,6,0,2,0,1.0
519,1,0.5066195148065005,59,1,0.6197733619697687,2245.2223010219222,6,0,1,0,0.0
520,0,0.32700551424980684,69,0,0.010002956902622685,5600.931957912745,12,0,1,0,1.0
521,0,0.99226649384051,43,2,0.6648383930129267,14062.401932304712,8,0,0,1,0.0
522,0,0.2464088580842556,58,0,0.3076470411930685,2300.7744066387604,11,0,0,0,0.0
523,1,1.3285419358757355,22,3,0.3304123993829453,11487.38788422144,8,1,0,2,1.0
524,0,0.016101851488747217,43,0,0.02543499646211221,,11,0,1,0,0.0
525,0,0.16279465568918883,51,0,0.07093284932555566,19981.374460483123,6,0,1,0,0.0
526,0,0.09039550396520661,39,0,0.9016469784394187,3669.746662745862,11,0,0,1,1.0
527,0,0.3937135689219421,38,1,0.4633757769369834,2508.9148591022426,12,0,0,1,0.0
528,0,1.1937228536525046,42,0,0.11502041728760225,8516.755694850697,10,0,2,1,4.0
529,0,0.08892808427509542,56,0,0.02714059422274865,3468.1209604029227,14,0,1,0,0.0
530,0,0.3185463779490095,49,0,0.4692679330606794,2506.995714383681,8,0,0,0,0.0
531,0,0.06623052454028389,21,1,0.3398340672828853,3353.3935746679467,8,0,1,0,0.0
532,1,0.7499506226443875,22,1,0.40735467095519184,4742.476631125279,12,2,0,1,2.0
533,1,0.6870485504516965,43,3,0.3807783892946766,14382.163974912359,7,0,0,2,0.0
534,0,1.0727223392724345,58,0,0.09775416624995996,,7,0,1,0,1.0
535,0,0.28135182841132,21,0,0.4429941229356678,5006.360721169853,5,0,0,0,0.0
536,1,0.6290071330258732,45,1,1.6116308625249667,,12,0,2,3,
537,0,0.03634393307268605,44,0,0.07729569333174391,5737.385283418202,12,0,2,0,1.0
538,0,0.049196059116430886,71,1,0.36364325544196463,14015.121537877354,10,0,1,1,1.0
539,0,0.07659038254226469,46,0,0.2207875788974521,4630.979761242479,7,0,0,0,1.0
540,0,0.08669153566841094,57,0,0.23673381826749101,4240.170867069799,11,0,1,0,0.0
541,1,1.0703706482789332,53,0,0.3172908498857335,7894.042480790248,7,1,1,0,0.0
542,0,0.24712904553503834,22,0,0.6974961281118941,,10,0,1,0,0.0
543,0,0.22231759343563304,62,1,0.26563392810312736,3596.3438436054967,6,0,1,0,1.0
544,0,0.03657195190238937,55,0,0.31358414474894203,7427.281815433134,12,0,2,0,1.0
545,0,0.5901333492465262,59,1,0.14539979288471325,2916.027038146714,5,0,1,0,0.0
546,0,0.3849202835621582,95,0,0.08026352809468465,3014.1051880185455,7,0,0,0,1.0
547,0,0.02102000781585489,22,0,0.035930667516867625,3221.5077767387725,7,0,0,0,0.0
548,0,0.36913107018073626,76,0,0.5008720526459965,,13,0,0,0,0.0
549,0,0.23527509018521514,47,0,0.08737897896045238,373.6004516291518,12,0,1,1,2.0
550,0,0.025577623640900483,56,1,0.468570435631831,6744.475928252186,8,0,0,0,1.0
551,0,0.18391323618201072,51,0,0.19796545479268954,,7,0,0,0,
552,0,0.1988996455244805,46,0,0.21498750229616795,1280.8812961432432,13,1,3,0,1.0
553,0,0.054375473286544934,44,1,0.2533310324858949,6296.702881931748,11,0,1,0,0.0
554,0,0.8739590782198488,56,0,0.1833619079391839,,6,0,0,0,0.0
555,0,0.5690867424704055,30,0,0.042419846645606996,7877.070778176687,10,0,2,0,1.0
556,0,0.3317113170780654,62,0,0.1482120860071184,589.0655981750676,11,0,1,0,1.0
557,0,0.1861338719006657,46,0,0.43594153528011753,14663.424302133273,4,0,1,0,1.0
558,0,0.1591889015270532,36,0,0.438387595867876,2723.874614394778,8,0,0,0,0.0
559,0,0.31578220029421755,45,0,0.13487460871925377,8512.18714536659,12,0,3,0,0.0
560,0,0.23652224229113772,69,0,0.24655048266654186,8891.57096656444,13,0,1,0,0.0
561,0,0.019288959008137967,44,0,0.08599438008733756,,11,0,0,0,0.0
562,0,0.21554112658021063,57,0,0.09447737349985284,8336.243397148464,13,0,1,0,1.0
563,0,0.4925939365104397,41,0,0.009326730014801022,3610.5139415353533,8,0,0,0,1.0
564,0,0.18443384853966902,62,1,0.9082274531048653,937.2014525635008,11,0,1,1,1.0
565,0,0.0160064920525348,61,0,0.09464689863575637,12508.873362120417,13,0,1,0,1.0
566,0,0.46292403204337107,77,0,0.10326684992450808,2643.777460225071,18,0,2,1,1.0
567,0,0.0674549201057622,49,1,0.13118026174495862,2480.970838789531,2,0,0,0,1.0
568,0,0.08977292722451106,61,0,0.05451490740082904,3560.1120767035572,7,0,0,0,0.0
569,0,0.05399158302522049,53,0,0.4078423176721212,6110.655809860989,6,0,1,0,0.0
570,0,0.12023958314151426,70,0,0.031246438955452746,,7,0,0,0,0.0
571,0,0.42410152434495485,41,0,0.05764165855516824,7619.404833312257,8,0,3,0,2.0
572,0,0.21980716005721287,62,0,0.41398097879637136,,10,0,1,0,2.0
573,0,0.06877915043612652,49,0,0.16600054589251445,2713.7613501824603,9,0,0,0,0.0
574,0,0.6307027203796463,51,0,0.4923291267974377,4479.2116643361405,13,0,2,0,2.0
575,0,0.6350355153239503,53,0,0.32605790418084646,,5,0,2,2,0.0
576,1,1.113404054030731,55,1,0.3182970811880023,4487.046500336685,9,1,3,0,0.0
577,0,0.08185624992207623,50,0,0.420876199885241,11709.758241788257,12,0,2,0,1.0
578,0,0.1800278689296879,55,0,0.049443142947928925,5068.722715822096,9,0,0,0,0.0
579,0,1.2597047174789853,74,0,0.30750222576097785,3337.8197055636824,10,0,0,0,2.0
580,0,0.44353931165483357,65,0,0.22989549978920337,,12,0,1,0,0.0
581,0,0.008262983591064458,64,2,0.12472083154514738,4295.246522716559,4,0,0,0,0.0
582,1,0.5202282763457331,45,1,0.5705414753446358,7965.831341068971,12,1,0,1,2.0
583,0,0.18704792933131886,39,0,0.8202128844779276,14760.190640015226,8,0,0,0,2.0
584,0,0.7197955648961042,65,0,2.726690705730227,6553.435389948247,5,0,1,0,0.0
585,0,0.23211317580117613,64,0,0.37435537618533593,12703.872446210762,6,0,0,0,1.0
586,0,0.20663452171466762,72,0,0.207479866687292,2271.437590706128,10,0,2,0,0.0
587,0,0.033438292354981324,43,0,0.1020638045701856,3527.32683653032,11,0,0,0,1.0
588,0,0.32081518293928873,48,1,0.1188754275464443,2753.3068871070864,5,0,1,0,1.0
589,0,0.5179654351890598,29,0,0.26115155894282455,6320.513113561166,11,0,1,0,1.0
590,0,0.14361403859015526,46,1,0.18308946388098143,3687.9767921528064,15,0,0,0,0.0
591,0,0.44831337550151146,65,0,0.9805014365734321,8811.547442326942,8,0,0,0,1.0
592,0,1.0012695486156293,45,0,0.18373340250664205,2333.6728377878576,6,0,0,0,4.0
593,0,0.06835882293402393,60,1,0.18700722666001676,,8,0,6,0,0.0
594,0,0.2222790233106407,49,0,0.19350117567358505,8514.163320704847,7,0,0,0,0.0
595,0,0.10154021006671617,56,0,0.7246711162666446,941.7668889265187,9,0,1,0,1.0
596,0,0.4723000329652422,35,0,0.42083080404814766,26830.780829947707,7,0,3,0,1.0
597,0,0.25853605228189347,53,0,0.3809421765118708,3918.555978535905,7,0,2,0,
598,0,0.3020143553499828,21,0,0.16267215193103535,,6,0,2,0,0.0
599,0,0.47971881583531983,49,0,0.6812888918150636,5577.383947681447,7,0,1,0,0.0
600,0,0.1512396587765341,29,1,0.015647653649013965,5048.037204692019,8,0,1,0,1.0
601,0,0.7398492637838896,68,0,0.8185487207780849,4603.096445481872,9,0,0,0,
602,0,0.22844635123661433,62,0,0.28759109397524385,10861.20875109184,9,0,1,0,1.0
603,0,0.05157648347679551,58,0,0.20316543704787057,8937.006575491798,8,0,1,0,0.0
604,0,0.35711873534891636,73,1,0.27499909209355333,6237.289255646399,17,0,3,0,1.0
605,0,0.4728899537771864,38,0,0.4403445630570164,7045.359887690826,16,0,1,1,0.0
606,0,0.11427346343871309,76,0,0.005139041873448964,,9,0,0,1,0.0
607,0,0.5838494941540087,65,0,0.8208920033200917,20340.976542559805,15,0,0,0,2.0
608,0,0.7097956938093499,48,0,0.23677054688748586,1505.14299402956,4,0,1,0,1.0
609,0,0.09726418787113932,67,0,0.16800812097411966,5495.700506226506,9,0,1,0,0.0
610,0,1.2317091366845216,36,0,0.05951397113198945,5177.200291904731,8,0,1,2,0.0
611,0,0.04549517711415165,40,0,0.23154570481306866,,6,0,1,1,
612,0,0.06769989489440273,43,0,0.27432785411271465,2502.1781663403995,5,0,1,0,1.0
613,0,0.06108495008027151,44,0,0.2067687972303979,,9,0,0,0,2.0
614,0,0.6732657342552397,37,1,0.4541023273413405,5571.716269722318,15,0,1,0,1.0
615,0,0.318648716560411,69,0,0.2185096442276513,,9,0,0,0,0.0
616,0,0.049499287875091134,48,0,1.301983396342669,16182.400269800335,9,0,2,0,0.0
617,0,0.17411885846696157,56,0,0.3657944622642657,1778.828646565535,11,0,0,0,1.0
618,0,0.28658590066438855,44,0,0.6590178047330336,12378.9782852918,6,1,0,0,0.0
619,0,0.026146207600097202,26,1,0.046324149452924124,,8,0,1,0,1.0
620,0,0.642181632102682,55,1,0.20252850874041087,3632.9057530675364,9,0,1,0,0.0
621,0,0.4882859653360824,25,0,0.164300241573906,1749.7815392406355,12,0,1,0,1.0
622,0,0.21108459842455082,51,1,0.33710681827973354,3548.9977082510472,8,0,2,0,0.0
623,0,1.0245275769150264,32,1,0.7896393482458763,4970.143410456992,10,1,0,0,1.0
624,0,0.16226226810881844,79,1,0.03263078130752074,7715.837394574376,11,0,1,0,0.0
625,0,1.2426256129353521,64,0,0.030137253017861576,3062.185685040242,5,0,0,0,0.0
626,0,0.3307138114904067,53,0,0.7596961142077627,17054.320072746348,8,0,3,0,1.0
627,0,0.3020873128480563,69,0,0.09573462433005658,,9,0,0,0,0.0
628,0,0.05444033871199043,40,0,0.44195669059364917,1222.478798259668,8,0,0,0,0.0
629,0,0.6409375872264167,59,0,0.3131221019371994,11912.795332016209,6,0,1,0,
630,0,0.16731735940506756,54,0,0.7156498052397688,,5,0,1,0,1.0
631,0,0.053104723344805316,55,0,0.05345320361155945,4174.275899100766,8,0,0,0,1.0
632,0,0.003806300736880687,69,0,0.05560505350319797,59524.597136840355,12,0,3,0,0.0
633,0,0.2461276325141627,62,0,0.32551022841115973,4867.643205833974,6,1,1,0,0.0
634,0,0.22485153439755093,56,0,1.170323212779918,2004.9730122848052,10,0,0,0,0.0
635,0,0.3811979534241282,28,0,0.214455839965103,,5,0,1,0,0.0
636,0,0.6628870817206284,38,0,0.1583695682907893,4719.033870168262,8,0,0,0,1.0
637,0,0.024821040054164845,50,0,0.373262181280046,5588.800437211427,12,0,0,0,0.0
638,0,0.3944673881281778,53,0,1.0662756956993402,,10,0,1,1,2.0
639,0,0.062259298246580747,36,1,0.7254249731490985,2140.3209326629058,7,0,0,0,0.0
640,0,0.5859527557705675,85,0,2.160016975663875,,10,0,1,0,1.0
641,0,0.5128827643833013,73,0,0.00913086057117502,5979.495193017498,11,0,2,0,2.0
642,0,0.23347675028973014,60,0,0.04790015296656589,8790.573534937474,6,0,1,0,1.0
643,0,0.37161358299361874,53,0,0.3760979043645962,2973.4568579466936,7,0,1,0,0.0
644,0,0.11321644518341893,49,0,0.6872024030491741,13754.285257020812,8,0,2,0,0.0
645,0,0.19112528603683848,38,0,0.13432581287426956,,10,0,1,0,0.0
646,0,0.5171801717876888,53,0,0.10935973681385212,6136.697504941244,13,0,1,0,1.0
647,0,0.18444789552722476,55,0,0.6185398007192422,,9,0,1,0,1.0
648,0,0.13285583885596688,34,0,0.02321348034871833,2213.7754799248883,5,0,2,0,0.0
649,0,0.20449156622545928,56,1,0.18442240597481172,8523.3458246726,8,0,2,0,0.0
650,0,0.5285132985802271,49,2,0.2819334589046691,3446.50011548665,7,0,0,0,0.0
651,0,0.1224843421393001,25,0,0.328709323169205,2482.3017407637594,10,0,1,0,0.0
652,0,0.057261575682388675,39,0,0.5216869519339785,2937.908834230157,11,0,1,0,1.0
653,0,0.3734530445205851,46,2,0.1753063209231075,8596.947328057393,13,0,0,0,1.0
654,0,0.5245724319854693,78,0,0.3794061086303312,2971.3441674248816,11,0,2,0,1.0
655,0,0.03182072282942652,59,0,0.3521527205640961,4473.274880045464,15,0,1,0,0.0
656,0,0.08228136549244058,33,0,0.31728964991751907,4974.211776867376,8,0,2,0,1.0
657,0,0.04593556021825054,58,0,0.4091978521669731,1060.1025112873367,11,1,0,0,
658,0,0.12828625846681685,30,1,0.1201444025053813,1514.8911629125364,13,0,0,0,2.0
659,0,0.17954260437606365,67,0,0.03537896460172441,,10,0,0,0,0.0
660,0,0.4144832083451468,45,0,0.05080242736404133,2725.416422661567,8,0,0,1,1.0
661,0,0.31593189766065044,50,0,0.10174141346822084,11445.820597434787,3,0,1,0,
662,1,0.7910091846046793,70,4,0.4774172519932576,10651.390046306577,5,2,2,1,1.0
663,0,0.13033301142209128,33,1,0.7341409961646053,8737.111596546203,4,0,1,1,1.0
664,0,0.5525009535102925,32,0,0.4833173057525517,,11,0,1,0,0.0
665,0,0.19119295321317784,43,0,0.6224358404003872,,14,0,1,1,1.0
666,0,1.1604727249784672,66,0,0.17291400141898816,8259.386091773364,7,1,2,0,1.0
667,0,0.3016531131029318,30,1,0.2074448383570906,3079.3666408167937,8,0,0,0,0.0
668,0,0.040493357154307574,21,0,0.20014019601455824,34957.766145743546,14,1,0,0,1.0
669,0,0.3382679833532266,45,0,0.08521451311278987,24026.36197045388,8,0,1,0,0.0
670,0,0.11795900907588307,59,0,0.025268223697618948,4961.70319872158,4,0,0,0,0.0
671,0,0.34782145920746593,68,0,0.3575339967873845,6696.022577308489,11,0,2,1,
672,0,0.021655471520863296,45,0,1.8119020401564183,,11,0,1,0,0.0
673,0,0.057668457137736454,46,0,0.07300688875017346,4368.995487687242,6,0,0,0,
674,0,0.5808357153054391,68,0,0.019123882348012763,2906.487956124985,11,0,3,0,
675,0,0.07731256299203547,25,1,0.6048005104638556,9889.133438472989,7,1,1,0,0.0
676,1,1.0442772236338496,46,2,0.3164544157788407,5233.059606798389,5,0,0,1,2.0
677,0,0.09824974181362418,54,0,0.7079455085213765,5689.601899397474,6,1,1,0,0.0
678,0,0.30890663032507043,58,0,0.48687275392944135,2521.43364515184,6,0,1,0,0.0
679,1,0.8553987105288916,44,4,1.3650975294506484,1243.7201414487838,10,0,0,1,0.0
680,0,0.21563474438656485,52,0,0.21032645944306602,5936.731022190028,9,0,1,0,2.0
681,0,0.10928716505669463,21,0,0.4338480620342073,10137.22562996098,7,0,1,0,1.0
682,0,0.07172257804940574,42,2,0.25008685247459295,4102.511395837436,11,0,2,0,1.0
683,0,0.010125785763168216,58,0,0.39833784570115377,15508.501177905287,10,0,1,0,0.0
684,0,0.10869858357036279,38,0,0.23884320189347494,2798.578642694193,9,0,1,0,1.0
685,0,0.317669923827666,52,2,0.08361354828409151,2113.78706665284,8,0,1,1,0.0
686,0,0.8356648337728122,58,0,0.2836272320662441,4657.414543890427,12,0,1,0,1.0
687,0,0.6148587798289198,47,0,0.3008059099632551,,14,1,0,1,1.0
688,0,0.43581330742421337,54,0,0.6655657666400181,,3,0,1,0,1.0
689,0,0.46598440302411037,38,0,0.5319969254086012,2643.951191621518,7,0,1,0,1.0
690,0,0.3280739051765019,49,0,0.43600965776079126,14683.436803560802,12,0,2,0,1.0
691,0,0.09044784398918106,60,0,0.048138720717868386,23707.187946127793,8,0,0,0,
692,0,0.7131765276585271,54,0,0.5100676558968588,4763.246623210055,8,0,2,0,0.0
693,0,0.3332652652260206,43,1,0.2775030718342351,13356.632222343722,8,0,1,0,0.0
694,0,0.2465947463659141,55,0,0.898102258357938,2110.757873007032,15,0,1,0,
695,0,0.035293859365279394,62,0,1.0096466483792603,,7,0,1,0,0.0
696,0,0.17774931701518112,23,1,0.022694427823755626,11359.6300627664,7,1,0,0,2.0
697,0,0.18505494744089865,68,0,0.6873476077055675,9806.00099963079,7,0,1,1,0.0
698,0,0.5997759575570892,47,0,0.015370525924316775,4853.957006454382,7,0,1,0,1.0
699,0,0.23732606969572928,57,0,0.18302114553232443,462.4788596330926,10,0,1,0,
700,0,0.14360461693427354,68,0,0.31261651122342726,2941.3333710208385,11,0,0,0,0.0
701,0,1.1290851481057016,32,0,0.0641148269598385,2978.774299071621,11,0,0,0,0.0
702,0,0.03520313988802755,42,1,0.5486629033427188,,8,0,0,0,1.0
703,0,0.1647392095954005,47,1,0.0033559201313665293,5419.69274459483,10,0,0,0,0.0
704,0,0.012879977492064423,41,0,0.07385724305191167,3515.1210563584777,9,0,2,0,0.0
705,0,0.40401148489894373,76,0,0.34775983345258615,2540.9934159416557,8,0,2,0,0.0
706,1,1.2505910093491632,40,0,0.7012477996701607,2106.8724620881744,11,2,1,2,1.0
707,0,0.09856677447420581,44,0,0.993849568834495,2772.735374134371,11,0,1,0,1.0
708,0,0.5863011886538488,54,0,0.4889859629248301,12054.573005775961,9,0,0,1,2.0
709,0,0.1036858403754898,35,0,0.44562757615666676,2896.2728241369796,9,0,2,0,2.0
710,0,0.7249619353841913,46,0,0.20057535968031479,3255.330334846811,8,0,1,0,0.0
711,0,0.42068066748365085,56,0,0.0005141004433104116,3410.594543394253,8,0,1,0,0.0
712,0,0.4902833301529316,47,1,0.05120574548956863,6445.869461262494,6,0,0,0,3.0
713,0,0.0054511939242493385,50,0,0.305904145474786,7079.79046437694,9,0,0,0,1.0
714,0,0.9875174917309191,44,0,0.4497319301141225,430.2105623019068,12,0,1,0,1.0
715,0,0.3891237156494049,30,0,0.21613492578915794,,12,0,2,0,2.0
716,0,0.10904560841931689,56,0,0.5247405380248955,15507.738360600788,12,0,1,0,0.0
717,0,0.5305207114814723,76,1,0.29514260116003826,2121.440822576334,15,0,1,0,1.0
718,1,0.5991857232821958,52,2,0.23082853538420472,2257.83440322925,17,0,0,2,
719,0,0.6184895392243249,55,0,0.085285333298959,3428.222861728741,4,0,1,0,1.0
720,0,0.035831202744328265,61,0,0.7330281436338442,2684.3577643870226,12,0,4,0,1.0
721,1,0.864900650013256,34,0,0.7162667786551078,5878.997300099446,12,0,1,1,1.0
722,0,0.2334145112901766,75,1,0.9006122815043046,1035.6450734364498,4,0,0,0,0.0
723,0,0.030455196457952857,54,0,0.05002454552162969,2009.5335582898836,7,0,2,0,
724,0,0.0830795504664904,74,0,1.8510699966477853,16837.397955315464,12,1,0,0,1.0
725,0,0.0037444825425084058,41,0,0.09398864815064999,2338.871965562357,6,0,0,0,1.0
726,0,0.1897669129980846,77,0,0.004739923507668337,13289.67401059855,6,0,0,0,1.0
727,0,0.10754522845115834,62,0,2.3844422789751873,6530.707460657057,6,0,1,0,0.0
728,0,0.27365785512467156,59,1,0.13199867517573466,1155.8436952042894,13,0,1,0,0.0
729,0,0.105821015983571,55,1,0.4410715614750089,8170.320011432656,11,0,0,0,0.0
730,0,0.10696781868740222,48,0,0.07776525731250321,4473.230610622453,17,0,1,0,1.0
731,0,0.40782936684810783,68,0,0.34721793603109347,3413.953746232166,8,0,0,0,1.0
732,0,0.014802087971986608,53,0,0.9375086384698016,5978.743301072044,5,1,3,0,1.0
733,0,0.6995887086573536,24,0,0.1543715755990778,7184.683794679268,16,0,1,1,
734,0,0.5736982594842228,36,0,0.4437730180845363,8656.566609951107,15,0,1,0,0.0
735,0,0.3306096538540236,49,0,0.08325448514471538,,9,0,1,0,0.0
736,0,0.26984599202290205,56,0,0.3921135193529684,,6,0,0,0,0.0
737,0,0.6685286671329167,51,0,0.16406064012159716,1635.1547529439058,6,0,0,0,0.0
738,0,0.06149171282519663,69,0,0.09490117822433289,3364.6648351006015,3,0,2,0,
739,0,0.024678528097230725,24,0,0.15027440624921132,51763.40276456234,10,0,0,0,0.0
740,0,0.08213776201029567,54,0,0.07881544217924885,8774.392790757978,9,0,1,0,1.0
741,0,0.47480707075882017,26,0,0.9287728496145464,32709.794585664495,8,0,0,0,2.0
742,0,0.01058566304859795,62,0,0.20245922313994014,15008.128987010528,12,0,2,0,0.0
743,0,0.2622617817658701,50,0,0.11256301541653196,5963.671877857357,8,0,1,0,0.0
744,0,1.616966432658025,57,0,0.2379785392815149,6254.932652301451,8,0,1,0,
745,0,0.5807501231507306,39,0,0.15458050896963815,4773.026972741321,11,0,1,0,
746,0,0.22109567160264532,69,0,0.5456867548896831,1223.8492666446773,10,0,0,0,0.0
747,0,0.019726869645759454,66,0,1.4192286063480026,4986.242015798331,5,0,0,0,0.0
748,0,0.5340207462980218,60,1,0.23052532729765063,12945.967672950159,8,0,1,0,2.0
749,0,0.2741220772631116,50,0,0.7894086649180814,3042.053330754474,9,0,1,0,1.0
750,0,0.03662757819084519,60,1,0.33375811837217223,,5,0,2,0,0.0
751,0,0.02956753892233845,42,0,0.0684271661340266,9713.508618168024,6,0,1,0,0.0
752,1,1.2211423192353017,63,1,0.6692775389451514,2373.8197570477896,7,5,1,2,1.0
753,0,0.3318726332064153,75,0,0.28815349814499,,4,0,1,0,0.0
754,0,0.5303310958567214,66,0,0.42062262053004273,2176.9297850097196,3,1,1,0,0.0
755,0,0.6335371112264824,41,1,0.8817748957213424,2545.9713208237667,8,0,2,0,0.0
756,0,0.25443010111947606,57,0,0.23223792621609093,1754.4589066774806,5,0,0,0,2.0
757,0,0.2185989528934736,33,0,0.9257724856872094,2391.4167001900046,7,0,1,0,0.0
758,0,0.1688607126283723,60,1,0.5555896021152924,15299.333504560775,7,0,0,0,0.0
759,0,0.11435466603401494,58,0,0.2682451393258188,2362.8371938238224,6,0,0,0,2.0
760,0,0.17106440696494016,25,0,0.36975147622232807,5438.0040788068,8,0,2,0,0.0
761,0,0.44600637740001775,35,0,0.15756155839758978,3286.915930787674,6,0,2,0,0.0
762,0,0.27633327234513305,48,0,1.64412372305223,12620.689241624252,8,0,1,0,1.0
763,0,0.6691443316888008,47,0,0.44026715564759755,14029.672602355062,9,0,1,0,1.0
764,0,0.17576175717658318,35,0,0.017934873051013517,9810.965676745174,8,1,0,1,
765,0,0.28025208862958667,57,0,0.15817932114104008,6278.63351405601,7,0,0,0,1.0
766,0,0.2993377379072779,55,1,0.3905377925366871,4085.307870408441,8,0,0,1,0.0
767,0,0.26872383919785386,49,1,0.023192889475631945,1894.1022084921574,10,0,2,0,2.0
768,0,0.3638372437658933,41,0,0.009669617269143211,23267.739396767196,7,0,0,1,2.0
769,0,0.08131965591498382,66,0,0.23915242943821832,2676.4901932270072,12,0,1,1,2.0
770,0,0.21545567907072416,75,0,0.16180033708020955,,7,1,0,0,
771,0,0.033019738043499246,45,0,0.23071396052586435,11471.861135255342,7,0,2,0,1.0
772,0,0.1456016212497179,43,0,0.12190053608714368,3151.946893968968,8,0,1,0,2.0
773,0,0.20063418260062596,58,0,0.07199423345461893,11275.75384330806,12,0,1,0,1.0
774,0,0.31685922927578647,46,0,0.4673693711983926,9057.700534380918,11,0,0,0,0.0
775,0,0.9019230393695828,50,0,0.28908899297971086,,9,0,2,0,2.0
776,0,0.27537591729993005,62,0,0.08933453358291919,3376.256488320766,9,0,0,0,1.0
777,0,0.4082978479069776,25,0,0.15402355124199574,1756.904593957296,10,0,3,0,3.0
778,0,0.21172754665670318,70,0,0.3584069603302794,,9,0,2,0,1.0
779,0,0.30162186741522046,53,1,0.029988287710273266,5808.530164048274,12,0,0,0,0.0
780,0,0.02207207354883901,46,0,0.06381078009927456,,5,1,0,0,0.0
781,0,0.08806641716554173,50,0,0.030426677448040448,3587.6392799021396,9,0,1,0,1.0
782,0,0.13475602821284713,51,0,0.6692010729186666,1067.0381795611117,7,0,0,0,0.0
783,0,0.19187814497016262,27,1,0.5583912118828475,7160.867393087549,17,0,1,0,3.0
784,0,0.014017045200702362,72,0,0.5598538705098369,23810.34867107024,14,0,1,1,0.0
785,0,0.045255273161399164,52,0,0.5039709092456236,7125.256400314356,4,0,1,0,0.0
786,0,0.09722677623100234,58,0,0.4427208016137645,8000.892806461961,9,0,1,0,0.0
787,0,1.0676996697694772,65,1,0.25926334274750595,7769.46234674236,9,0,3,0,0.0
788,0,0.12074701459323359,37,0,0.4111998350534452,6752.292365432226,13,0,1,0,0.0
789,0,0.1973577907886253,58,0,0.01564669421545379,10356.118396921065,8,0,3,0,0.0
790,1,0.5654832651336928,48,5,0.5885780859596734,6743.261203349656,7,2,1,0,1.0
791,0,0.2830832175419748,63,0,0.6018108691305224,3827.083348572979,10,0,2,1,0.0
792,0,0.09883602837342362,22,0,0.2775456633183383,2599.8495891077305,9,0,3,0,2.0
793,0,0.06957680956477505,50,1,0.17696368282470676,4027.1776547175537,14,0,2,0,0.0
794,0,0.21805625679732618,43,0,0.12997458360677974,6318.9200676015,7,0,3,0,2.0
795,0,0.0016563035811929317,58,0,0.4117860678127079,,11,0,0,0,0.0
796,0,0.0023080656811200902,58,0,0.4721040718025198,6319.977623221615,5,1,1,0,0.0
797,1,0.5741804710602292,42,1,1.0190766969202267,6983.601989276746,7,1,2,0,1.0
798,0,0.011223769751458747,42,0,0.16762328027887866,9571.484044702152,10,0,1,0,3.0
799,0,0.03429540574882987,50,0,0.5874745967460928,,7,0,0,0,1.0
800,0,0.12413719302150925,39,0,0.32962669121108923,,3,0,2,1,
801,0,0.4867351828276938,63,2,0.8576739216913766,1726.3743689820494,11,0,0,0,2.0
802,0,0.2546237227773938,46,0,0.3001513187851197,3729.0795865314462,4,0,0,0,1.0
803,0,0.21564273029641878,21,0,0.29161738752401595,5091.104366686563,9,0,0,0,0.0
804,0,0.10422487711099422,46,0,0.34498349246097093,1131.5967813165223,12,0,1,0,1.0
805,0,0.8053897030758648,37,1,0.5534238099064103,14927.069910003149,4,1,1,0,1.0
806,0,0.1517589079724005,29,0,1.337441051935146,5507.699657829205,11,0,1,0,0.0
807,1,0.5273363030349727,34,2,0.2305638463008326,6668.046834819821,13,3,2,0,2.0
808,0,0.2879681928629862,53,0,0.02196608662954715,14653.304761875177,7,0,3,0,0.0
809,0,0.03625678346119887,70,0,1.1093577781059334,2968.718733595936,11,0,1,1,2.0
810,0,0.12703823322697969,56,0,0.3019031970913824,,9,0,3,0,0.0
811,1,0.7124246089159239,43,4,0.5817040264810613,4501.242287363954,6,1,1,2,0.0
812,0,0.6219723006896749,58,0,0.26343925398807,4241.747062437351,10,0,0,0,1.0
813,0,0.2040968773967859,45,0,0.03933518270662228,,12,0,0,0,1.0
814,0,0.36345915362775305,42,1,0.5845612933395863,,8,0,2,0,2.0
815,0,1.480804722593433,35,0,0.550101643978032,,9,0,1,0,
816,0,0.04229254977479446,27,1,0.14941412609457427,8600.46368386439,5,1,3,0,0.0
817,0,0.0963640149140705,46,0,0.14625124466727057,1096.6266773702641,11,0,2,0,1.0
818,0,0.15054790945094246,54,0,0.7276721170288899,12632.028647088628,7,0,1,0,0.0
819,0,0.1643652556564392,50,0,0.030043438533034813,11404.564223813393,10,0,0,0,1.0
820,0,0.15880946322188483,46,1,0.8518063104439524,5313.187880495671,11,0,1,0,1.0
821,0,0.7145242148135743,38,1,0.11864160320448203,4098.785654897704,2,0,0,0,3.0
822,0,0.37556328485082763,60,0,0.3595618477757915,,10,0,2,1,0.0
823,0,0.2808755002895258,33,0,1.0995124986644897,30669.762970763222,9,0,1,0,1.0
824,0,0.11104649694881966,62,0,0.4534336981512073,1199.2008323516063,6,0,2,0,1.0
825,0,0.5208242981633133,37,0,0.2140676907593746,9187.709169950827,7,0,0,0,3.0
826,0,0.9307315181394468,41,0,0.4678726229146335,2370.1443946285676,10,0,0,0,1.0
827,0,0.5164433432595198,31,1,0.1686253793276768,,2,0,1,0,2.0
828,0,0.00046989937441252444,44,0,0.12988141722012683,4030.7022878642365,5,0,0,0,1.0
829,0,0.30351140552013633,65,0,2.2835113254030373,3488.912610628695,7,1,0,1,1.0
830,0,0.015746744248513366,59,0,0.5557841168456016,4873.793651747324,13,0,0,0,0.0
831,0,0.0893630469667427,65,1,0.41393960173412625,1983.5889497180879,13,0,0,0,1.0
832,0,0.018410968074589893,59,1,0.17558164891936984,11196.36385650999,10,0,2,0,1.0
833,0,0.2777474004386376,36,0,0.020164138627678588,1169.9136141909648,8,0,2,0,1.0
834,0,0.3480728296334281,47,0,0.012619745765096274,7568.964977966115,7,0,1,0,0.0
835,0,0.0364766584370439,41,0,0.32313712476698264,3784.8870273875123,8,0,2,1,1.0
836,0,0.14527403884480813,70,0,0.5742488392478892,1926.1145861483112,8,0,0,0,0.0
837,0,0.18277226573123678,35,0,0.30833901851515466,5778.542091114003,7,0,0,0,0.0
838,0,0.1381600344356218,64,0,0.7350000962964985,1414.3695040988002,13,0,1,0,1.0
839,0,0.038699647099235186,64,0,0.013599187947391178,5073.423206342803,11,0,1,0,0.0
840,0,0.16287439925516423,77,0,0.18275730764177978,1574.5085546118762,10,0,1,0,1.0
841,0,0.41730530691842216,46,0,0.1082358031007626,,3,1,1,1,0.0
842,0,0.02209643715217083,61,0,0.23715640505238902,2346.110508310491,5,0,1,0,0.0
843,0,0.025073188669427936,83,0,0.030051689834657863,3426.1922296619737,15,0,1,0,0.0
844,1,0.6314451316209291,43,2,1.4327919033918395,6217.725914958309,6,0,4,0,0.0
845,0,0.8527782916583523,30,1,0.10105747366145575,2649.0763486024466,11,0,2,0,0.0
846,0,0.33130399165227525,25,0,1.0220000388758945,4692.068459087851,8,0,0,0,0.0
847,0,0.34058595350990484,61,0,0.2219759035734358,1464.0115722086432,3,0,0,0,0.0
848,1,0.6347874791869417,25,2,1.89410895142973,8141.261992202888,9,0,1,1,0.0
849,0,0.2701700935720338,46,1,0.32302689606005486,20169.58477441494,9,0,2,0,1.0
850,0,0.0030548561257629256,58,0,1.0684917780008498,45879.19816613114,13,1,0,0,0.0
851,0,0.30325959297781274,54,0,0.0021453383017211035,5286.62073002791,8,0,0,0,3.0
852,0,0.7335452578619438,57,0,0.5517097137375035,9233.221694979196,13,0,0,0,
853,0,0.28446871316785294,55,0,0.9334266535216824,1182.634033692249,9,0,0,0,1.0
854,0,0.620725233971263,69,0,0.06019920815713917,,6,0,2,0,0.0
855,0,0.38617703787214824,38,0,0.04042605791973847,9145.185123690962,13,0,1,0,
856,0,0.03854044110779911,42,0,0.22105688897554124,3337.0859798724987,8,1,0,0,1.0
857,0,0.6982272347945322,41,1,1.0852989098070092,13223.418166458323,9,0,1,0,0.0
858,0,0.02062624853704113,63,0,0.3126921876538573,4009.4892322481774,9,0,2,0,0.0
859,0,0.22904995376785406,64,0,0.29985015840861096,3406.9742293020777,5,0,1,0,2.0
860,0,0.04599330306225468,58,0,0.06085327507322327,7188.716624968699,6,0,3,0,1.0
861,0,0.0035327017843446076,68,1,0.0003159291684962142,,8,0,0,0,0.0
862,0,0.1644722056931213,35,0,0.6645875193953882,11128.891142736768,6,1,3,0,
863,0,0.10488456575711329,75,0,0.03665956389031967,2111.614607062663,14,0,2,0,0.0
864,0,0.19965989226694775,73,0,0.40188467936775796,2121.6644300451503,10,1,1,0,1.0
865,0,0.2582567271277222,62,0,0.984240749029559,2373.8020026594168,9,0,0,0,0.0
866,0,0.013417339876773767,76,0,0.09360693951759143,9023.612484146874,12,0,0,0,0.0
867,0,0.039375613165404444,28,0,0.4377758062075103,3000.6364969137985,8,0,2,0,0.0
868,0,0.245369951918474,44,0,0.032787207197745326,1671.711736708682,10,0,0,0,1.0
869,0,0.12609780485731736,41,0,0.37028917406742595,3027.3895728134557,10,0,0,0,0.0
870,1,0.8918830515684375,62,2,0.2716179982926322,4790.385193999715,4,0,1,0,1.0
871,0,0.31691736637551304,37,1,0.5326521136664762,1910.6943959691828,10,0,1,0,0.0
872,0,0.5604710698492105,62,0,0.14337419413816507,1955.9966008226568,5,1,2,0,1.0
873,0,0.3537770592308092,71,0,0.24899423410774216,,10,0,3,0,1.0
874,0,0.16859940258120185,61,0,0.3659472397459528,2468.94861472829,8,0,1,0,0.0
875,0,0.3353079123316845,55,0,0.07514599441817735,3795.47977582615,4,0,2,0,0.0
876,0,0.09663285599403877,38,0,0.5413571498656966,3663.632422387026,9,0,2,0,1.0
877,0,0.10972054436429834,40,0,0.14418159629806881,3508.3971290999807,6,0,1,0,1.0
878,0,0.4667480447550951,69,0,0.43432406655801253,8079.436362577708,8,0,2,0,1.0
879,0,0.17740443867470257,62,0,0.068924594392774,10493.53214730794,7,0,1,0,1.0
880,0,0.4804116690808039,51,1,0.46605171005538015,3847.7215802950996,13,0,1,1,0.0
881,0,0.5185042302665618,46,1,0.054872623265563074,1827.7068465143784,9,0,1,0,0.0
882,0,0.5846552496773836,23,0,0.22160216958930273,13623.508999024121,11,0,4,0,1.0
883,0,0.7453588652979531,37,1,0.11358550357629921,4553.844622078712,11,0,0,1,1.0
884,0,0.16915466120994277,78,0,0.5519265545168607,19619.07236412643,9,0,1,0,0.0
885,0,0.11519922724294415,34,0,0.12154355483508338,815.2797304908407,9,0,0,0,0.0
886,0,0.26182482895502496,54,1,0.8538711244549667,5746.3639487284045,12,0,0,0,2.0
887,0,0.13916945489177698,66,0,0.8895842907009535,22808.420503761205,9,0,1,0,1.0
888,0,0.275693928322579,34,0,0.08748202401379807,3704.815324873659,7,1,3,0,2.0
889,0,0.3668303617108383,54,0,0.380607553176558,4103.539862669892,4,0,0,0,0.0
890,0,0.34981532120222614,65,0,0.03672229337912368,6225.50195405902,10,0,2,0,0.0
891,0,0.14078655127223397,52,0,0.19872773494237223,3143.0952597844753,10,0,0,0,0.0
892,0,0.054766147741444914,92,0,0.49975788029519647,3828.936833050545,9,0,0,0,3.0
893,0,0.16891440407935832,28,0,0.4308459062900067,,13,1,2,0,0.0
894,0,0.046153168495830156,66,0,0.39201254260004587,2975.1906871864658,6,0,1,0,0.0
895,0,0.66244723216112,49,0,0.13281571432395123,13135.650698283023,10,0,1,0,1.0
896,0,0.12733817285218202,62,0,0.1899421194713288,7107.191415481558,9,0,2,0,2.0
897,0,0.05033385105755997,58,1,0.04345575174901983,6005.929953267509,4,0,2,0,0.0
898,0,0.007733146319002997,41,0,0.5077927297814805,9384.895418755286,12,0,0,0,1.0
899,0,0.3113870274061822,55,0,0.2803820709474736,,12,1,1,0,1.0
900,0,0.303925014899046,25,0,0.4934507795329962,2645.5570983725493,7,0,1,0,0.0
901,0,0.12492938013322247,60,0,0.11450977201648671,3034.7992499323846,7,0,3,0,0.0
902,0,0.022323938932882356,56,0,0.15688427214674158,4921.784430633473,5,0,1,0,
903,0,0.15810118443352386,60,0,0.1627155959773205,2106.1788925174487,11,0,0,0,0.0
904,0,0.111848917658485,66,0,0.01043181757041678,3293.7802184536185,8,0,0,1,0.0
905,0,0.33914295694761043,57,0,0.1668417567111603,3252.2641246213198,7,1,2,0,1.0
906,0,0.2792532738017507,54,0,0.6504395220371969,26893.636704300658,7,0,3,0,0.0
907,0,0.1360472059676675,39,1,0.910371406048864,534.294961088089,11,0,2,0,0.0
908,0,0.07372894476727448,42,0,0.29210568181699387,4256.932982778058,6,0,0,0,0.0
909,0,1.3277550928093589,68,0,0.24315617998569405,19546.568666950607,8,0,0,0,1.0
910,0,0.18154178173958813,72,0,0.012523876565657267,5417.965046757629,11,0,1,0,0.0
911,0,0.3496894315557974,48,0,0.8454619605159455,8979.809782631493,11,0,2,0,
912,0,0.04543982462840476,52,0,0.005238235020563338,5323.365803310918,6,0,2,0,0.0
913,0,0.1994202246806762,39,0,1.1583553561415472,2881.693136560832,8,0,2,1,1.0
914,0,0.008376888726877594,68,0,0.2687235862415871,817.6768849493501,10,1,1,0,1.0
915,0,0.2112352108412106,61,0,0.16738031950966914,,6,1,0,0,2.0
916,0,0.9974159965536445,79,0,1.0319600878566637,2642.5898427582415,6,0,3,0,1.0
917,0,0.1454531834384226,39,0,0.00987735221140621,2590.8250991675823,13,1,1,0,0.0
918,1,0.5119330162324349,46,1,0.5483595769902805,,9,2,1,0,0.0
919,0,0.00943351341775096,55,0,0.31845533503474854,19848.6073566467,10,0,3,0,0.0
920,0,0.14730040878902445,61,0,0.09903618325791887,33653.422336295414,11,0,2,0,0.0
921,0,0.052314922155339255,48,1,0.22406757830475044,5847.481589551732,14,0,1,0,0.0
922,0,0.007088723124360168,39,1,0.4225246899553491,3388.6477292639433,7,0,0,0,0.0
923,0,0.42343887124287316,64,0,0.5195056695877056,1916.4290548182657,5,1,0,1,1.0
924,0,0.1840364113361446,62,0,0.0002868463090572347,7149.746133380913,10,0,2,1,0.0
925,0,0.10242815184880068,39,1,1.1049186992899258,20461.99373071486,10,0,1,0,0.0
926,0,0.691025180796463,70,0,0.0719021197290398,4032.4430630363745,7,0,1,0,0.0
927,0,0.037036627049359595,68,0,0.10641020927680558,732.7489652158841,6,0,2,0,0.0
928,0,0.9365167644422923,53,0,0.12232399560111736,,15,0,1,0,0.0
929,0,0.11304874064715788,53,0,0.015421551020674521,10811.003847281727,12,0,1,0,1.0
930,0,0.6578601406704324,59,2,0.05252308893786631,1382.0504209283993,9,0,0,0,1.0
931,0,0.2771025362054317,39,1,1.7176040449003065,5660.046274838701,12,0,2,0,0.0
932,0,0.5258320654129152,52,0,0.151461158286743,7051.395453660602,11,0,0,0,0.0
933,1,1.7407968788000847,21,3,0.2490031627731428,4635.568658501971,11,1,0,2,2.0
934,0,0.1020740894695835,64,0,0.045263564893937965,2610.725065817171,9,1,0,0,0.0
935,0,0.9743020997878964,30,0,0.508415538579394,,10,0,1,0,
936,0,0.14803419890748656,73,0,0.7712204886035704,3559.2182364380055,9,1,1,0,0.0
937,0,0.14608971696298806,47,0,0.11879801458843575,1497.9474297552706,9,0,0,1,1.0
938,0,0.12483064128914387,49,1,0.008452484822450224,953.7679581996206,9,0,1,0,0.0
939,0,0.23387804906816406,43,0,0.10097231567243706,13476.188819933026,8,0,1,0,0.0
940,0,0.05022221397356597,47,0,0.023270217890814456,8049.225713892095,14,0,0,0,1.0
941,0,0.2420368926874702,71,0,0.04365591999035025,5273.127071196608,11,0,0,0,1.0
942,0,0.2340725364268538,21,0,0.22590729953078248,3455.6998960483525,8,0,0,0,1.0
943,0,0.4305216414919487,69,0,0.10450350315410356,,11,0,3,0,0.0
944,0,0.538098314312536,56,0,0.2902234229154275,2078.518545611264,5,0,1,0,2.0
945,0,0.17418207946351963,35,0,0.1169405175986527,3480.166736305102,9,0,0,0,2.0
946,0,0.108004117448684,36,0,1.1289624289254354,901.3829796079806,11,1,0,0,1.0
947,0,0.09006201271264119,75,0,0.9455458353639825,2727.5228006805455,11,0,1,0,1.0
948,0,0.06493374813303657,38,0,0.33462794271062,3832.4132951644233,9,0,0,0,0.0
949,0,0.017812787342514243,35,0,0.1750449300108046,8005.659737818656,8,0,0,0,1.0
950,0,0.12576941952509693,67,0,0.19195492947491655,4760.266006113434,6,0,0,0,0.0
951,0,0.09451503201155069,56,1,0.21231085739669717,9282.985534317146,9,0,1,0,2.0
952,0,1.0181240347288982,38,0,0.5201631190629351,14462.409068601559,13,0,0,0,0.0
953,0,0.24473605489623462,55,0,0.24032857664986423,11459.06129014755,14,0,0,0,1.0
954,0,0.12798074865513023,37,0,0.7772095774789101,7161.0212173290165,9,0,0,0,0.0
955,0,0.2605843570867718,67,0,1.1536390512888663,4961.632721852178,8,0,0,0,0.0
956,0,0.04496677725064343,66,1,0.16375681539393375,2242.5515766045437,9,0,0,0,1.0
957,0,0.1761197020328709,59,0,0.32902406630632397,,5,0,1,0,1.0
958,0,0.29523786173460337,57,0,0.03995312354873509,18841.13717238518,8,0,0,0,0.0
959,0,0.20135573129384252,76,0,0.08949201318756318,,12,0,0,0,0.0
960,0,0.1541384084567256,51,0,0.2134096975245469,22783.852007673835,3,0,0,0,0.0
961,0,1.527312379182738,35,1,0.0923708640128178,1450.3245436127165,13,0,0,0,0.0
962,0,0.636867000074039,58,0,0.8368016187457897,,12,0,2,1,0.0
963,0,0.29297624514204235,81,0,0.06892611764394783,9741.605377421303,8,0,1,0,
964,0,0.252756936114341,37,0,0.24327309464923622,6071.932291791708,3,0,0,0,2.0
965,0,0.2907970929959863,46,0,0.37225652472012954,14059.108285331027,9,0,1,0,0.0
966,0,0.06743550977573551,57,0,0.4708854947911273,4854.312127730007,9,1,1,0,3.0
967,0,0.15082635650705906,51,0,0.19319947682904115,2454.355945889682,7,0,3,0,1.0
968,0,0.012077749909728064,38,0,0.8133257966756843,4142.792706695019,7,1,0,0,0.0
969,0,0.19361928871307385,67,0,0.3360274957642313,,3,0,0,1,0.0
970,0,0.23493770512589235,84,1,0.23157596713145054,1992.4642366555317,12,0,2,0,0.0
971,0,0.07753398163768371,54,0,0.027843210284509423,10699.531113637073,8,0,1,0,1.0
972,1,1.497511391569933,39,1,0.4499633070637301,9879.625958518178,4,0,0,0,1.0
973,0,0.7205712052195928,30,0,0.68755792454278,6570.882517792932,16,0,0,0,1.0
974,0,0.3841948600571385,55,0,0.38132819771569726,1240.3364881910545,5,0,2,0,1.0
975,0,0.22867627891977974,67,0,0.7139035015579084,3689.614055613128,10,0,2,0,1.0
976,0,0.6119950869547861,58,1,0.2724966697544659,1844.5674583525167,7,0,1,0,0.0
977,0,0.042003650722869275,51,0,0.050434734080046006,12597.159147445936,5,0,1,0,0.0
978,0,0.46892348742847045,43,0,0.005493489263463297,3081.0394202707494,9,0,0,1,1.0
979,0,0.039997988865607154,36,0,0.1445139623837143,2061.938484854779,8,0,2,0,0.0
980,0,0.47427068015225055,63,0,0.47891868430927487,5033.329296411531,14,0,2,0,0.0
981,0,0.09679286993740278,64,1,0.624754461035378,,6,0,1,0,0.0
982,0,0.6288922877851347,30,0,0.14025035890149903,16106.772716890915,6,0,0,0,1.0
983,0,0.864946663905049,74,0,0.2737970326572245,2730.257707219433,8,0,0,0,1.0
984,0,0.04833102756438287,60,0,0.21866327368625627,1604.5801180071417,3,1,0,0,2.0
985,0,0.18634598383773496,71,0,0.21140768402037496,878.0198375443904,5,0,0,0,0.0
986,0,1.1887956639428914,33,0,0.10524715020847089,4795.200486745761,11,0,0,0,0.0
987,0,0.19815023774621435,32,0,0.058644848863246196,3135.2240220829567,7,0,0,0,0.0
988,0,0.5975336625795638,49,0,0.08760511697883307,1566.9343008823257,10,0,2,0,0.0
989,0,0.266552714077275,59,0,0.02276885832349834,12725.729514441093,8,0,0,0,2.0
990,0,0.14115948638410925,77,1,0.08832388165397159,8381.616862996887,9,0,1,0,0.0
991,0,0.10097076571802277,61,0,0.003697394931022545,4805.064269447,12,0,1,0,
992,0,0.06815416587251591,48,0,0.3947479450034785,14639.2417821402,13,1,1,0,2.0
993,0,0.4303911087650866,37,0,0.15213854129524698,8350.100274699902,5,0,3,1,1.0
994,0,0.14659231284071278,69,0,1.4469170040329287,2544.565732297595,13,0,0,0,0.0
995,0,0.21478687968421864,38,0,0.08612821778119764,2140.1343123085176,7,1,3,0,0.0
996,0,0.20337442362267272,74,0,0.16975433478591687,9455.815571191693,9,0,3,0,1.0
997,0,0.258312888352065,48,0,0.17716783577934692,6748.6216645700315,9,1,1,0,
998,0,0.6020294453739441,74,0,0.0033949649853430887,5629.625579407819,6,0,1,0,0.0
999,1,1.6849072374007048,61,2,0.9310573530644133,2496.891301526456,7,0,1,2,0.0
1000,0,0.15706396207460005,50,0,0.013006987492214484,7993.29267687511,13,0,3,0,1.0
1001,0,0.5272403225692059,44,1,1.126564985193242,2685.4427568877404,4,1,0,0,1.0
1002,0,0.43384871895077587,47,0,0.8905250899963502,4529.698574080217,9,0,0,0,0.0
1003,0,0.2556632387533988,57,0,0.306736361576984,15639.504266937463,11,0,0,0,0.0
1004,0,0.9373912995593804,53,0,0.31375038616170414,2896.7149885694544,8,0,2,0,0.0
1005,0,0.06712106151133504,43,1,0.42426994745967256,,8,0,0,0,0.0
1006,0,0.03471222834592935,49,0,0.19578877276494336,2117.438212204274,10,0,0,0,0.0
1007,0,0.5771664572678358,53,1,0.41676684736112934,10888.245168060872,6,0,3,0,3.0
1008,0,0.17349043858424293,22,0,0.018320577188921116,6025.675750953048,5,0,1,0,0.0
1009,0,0.563134143309778,58,0,0.022225222893325892,4433.293750525565,8,0,1,0,0.0
1010,0,0.6707309517861351,38,0,0.24442815785290595,3270.5876451763334,13,0,0,0,3.0
1011,0,0.01934798660627502,35,0,0.31906748695339227,7246.601838533625,9,0,0,0,0.0
1012,1,1.144868476421097,28,0,1.075051808199452,2491.689115730263,6,1,1,0,0.0
1013,1,0.6784356196005275,26,1,0.24422098103466794,6276.27829066961,7,1,0,0,0.0
1014,0,0.21426987247383172,33,0,0.691847364069203,2738.0365227027855,8,0,0,0,0.0
1015,0,0.2955254976255906,42,0,0.094312902375702,2396.758532020605,15,0,1,0,0.0
1016,0,0.7826621878694326,79,0,0.20040533451412307,2951.3266264832173,8,0,0,0,0.0
1017,0,0.005790350809675752,44,0,0.15227140084870738,3639.7637068125428,7,0,1,0,0.0
1018,0,0.19436236918134697,54,0,0.204433778146564,4726.48053341857,5,0,0,0,0.0
1019,0,0.34915847944009754,57,0,0.0652408153526579,,7,0,1,0,1.0
1020,0,0.38480412526353136,53,0,0.28012517688884053,,6,0,1,0,0.0
1021,0,0.3538156997133324,50,0,0.6470739094657039,2575.707554507296,14,0,1,1,1.0
1022,0,0.043311886678592794,35,0,0.23302462330427237,,10,0,1,0,0.0
1023,0,0.10674356139293222,72,0,0.2698193470215958,,3,0,1,0,1.0
1024,1,0.6332846367228004,77,0,0.955574982061351,2071.4371346096505,13,1,1,0,0.0
1025,1,0.9895621288359564,28,1,0.6897492800077418,5598.406566179698,5,1,2,2,0.0
1026,0,0.09803494475298959,37,1,0.26969437901409393,16252.861227366793,8,0,1,1,0.0
1027,0,0.07098452737087456,48,0,0.11919837690879775,1719.2186202641396,6,0,1,0,1.0
1028,0,0.9471086606850024,38,0,0.8648745477800981,6735.721302212037,9,0,0,0,0.0
1029,0,0.002670839301685571,59,1,0.344172532818382,2586.8146498140472,9,0,0,0,1.0
1030,0,1.8386468981712258,41,0,0.09997349509181302,3282.2781104725764,6,0,0,0,1.0
1031,0,0.338864956331026,82,0,0.12540226118024203,2585.0789623440887,11,0,2,0,0.0
1032,0,0.528897904931511,68,1,0.6500909427626466,,14,0,1,1,0.0
1033,0,0.10470532755147618,54,0,0.018059855648586556,43370.28110338308,8,1,1,1,2.0
1034,0,0.004325618921403456,66,1,1.9359616098150696,9658.220506477104,8,0,1,0,0.0
1035,0,0.4016738635304101,67,1,0.055866551445412395,11865.499770959006,10,0,2,0,2.0
1036,0,0.5389916809480202,44,0,0.6359885001505754,7285.160787842972,8,0,1,0,0.0
1037,0,0.4046719810644282,40,0,0.200862205063146,1359.6662840959295,5,0,0,0,1.0
1038,0,0.046242804513066504,53,0,0.2710797918526017,6741.018978673212,12,0,3,0,1.0
1039,0,0.4200302770812762,64,0,0.8502799058487555,11595.167455228056,8,0,1,0,1.0
1040,0,0.43950100431840494,53,0,0.21303167007172857,2483.143112476054,9,0,0,0,1.0
1041,0,0.3223578741995643,29,0,0.30843808661978867,10638.782543323548,8,0,0,1,3.0
1042,0,0.43587891770772397,40,0,0.02022254740803895,8634.05000626835,9,0,1,0,0.0
1043,0,0.5610878024036414,50,0,0.0009400934015444618,,3,0,2,0,0.0
1044,0,0.2852678472938791,50,0,0.1123089983943091,,5,0,2,0,2.0
1045,0,0.027833571718474722,79,0,0.45650324428891853,2042.4619842107304,6,0,0,0,1.0
1046,0,0.20061119513628664,32,0,0.0517087137387955,,10,0,1,0,0.0
1047,0,0.024248938972297598,59,0,0.04830787797656962,15497.853268838755,13,0,0,0,1.0
1048,0,0.15704311044760058,72,0,0.21170488726845102,1138.2818954770792,4,0,1,0,2.0
1049,0,0.1568221419151893,83,0,0.41746450080676223,939.4545375691537,12,0,3,0,0.0
1050,0,0.020486814172065226,46,0,0.4980179212711048,5279.128061233393,6,0,1,0,
1051,0,0.1286909991898142,58,0,0.07862531984193565,3449.3068120040825,10,0,0,0,0.0
1052,0,0.03529677146342175,59,1,0.03317361728463258,,11,0,0,0,2.0
1053,1,0.9954457130226441,54,0,1.3280199760539042,,3,2,1,1,1.0
1054,0,0.8851589955185996,50,1,0.12080240618749205,,10,0,1,0,0.0
1055,1,0.5225193901197367,58,4,0.9678730404757623,1098.384052228408,10,2,0,2,2.0
1056,0,0.9310968702206057,21,0,0.7965472129386083,,6,0,1,0,1.0
1057,0,0.22180546481662833,61,0,0.5922817399891561,2213.2501495223514,2,1,3,0,0.0
1058,0,0.10681640288358062,53,0,0.07397010860087465,,10,0,3,0,1.0
1059,0,0.023992987421871625,48,1,0.6899427811341201,,1,0,2,0,0.0
1060,0,0.20831894903141807,80,0,0.5865691316737147,3613.4154177854252,14,0,2,1,1.0
1061,0,0.47471546705928536,42,0,0.36325263348086523,4671.745821447524,15,0,0,0,0.0
1062,1,0.8683633573350948,46,1,0.3645140255988545,7231.71938342297,10,0,1,0,2.0
1063,0,0.015459368848813937,79,0,0.12180034305532542,11694.412966311987,11,0,1,0,0.0
1064,0,0.022708747217475744,40,1,0.05199300446659835,3763.9772081054134,8,0,0,0,0.0
1065,0,0.1546877793648263,44,1,0.2851416915606866,16580.152139476933,11,0,0,0,1.0
1066,0,0.1049908828140147,49,0,0.3520422288397985,890.1234144305326,9,0,2,0,0.0
1067,0,0.07933982751976786,63,0,0.1781019233234027,9025.685983480684,14,0,0,0,0.0
1068,0,0.09897005353665349,54,0,0.25801647552914186,2510.8533478921254,6,0,1,0,0.0
1069,0,0.48810150934701474,33,0,0.18071743003940718,14732.585987582175,10,0,1,0,0.0
1070,0,0.7944877783630283,44,1,0.4097799053583273,5506.230691707185,9,0,1,0,0.0
1071,0,0.15580994525326008,43,1,0.9261028492231417,2868.8764015839133,12,0,1,0,2.0
1072,0,0.7096926204728671,50,0,0.07161251604769145,,13,0,3,1,2.0
1073,0,0.11635933921717487,57,0,0.19212426420495207,10042.191815792645,5,0,1,0,0.0
1074,0,0.19412936579685727,57,1,0.06073336189077885,8213.342937251735,14,0,3,0,0.0
1075,1,0.5768662612918366,27,3,0.5922717274693305,2156.502570993026,9,2,2,0,1.0
1076,0,0.30689233859146337,66,0,0.5220634989836033,,8,0,4,0,4.0
1077,0,1.1587001903928966,55,0,1.0747860209732853,4898.781257989888,12,0,2,0,0.0
1078,0,0.2775185477430288,71,0,0.13077540959688352,,10,0,0,0,0.0
1079,0,0.13286322858200525,58,0,1.1999861350599417,8953.469415557582,8,0,0,0,1.0
1080,1,0.8130816855426451,67,2,0.22614094753220046,,8,4,0,0,0.0
1081,0,0.0393473532756932,58,0,0.36954156768739965,6421.850812208146,10,0,1,0,2.0
1082,0,0.6585475306998919,70,0,0.023531899147647334,3897.2050308967882,6,0,0,0,0.0
1083,0,0.20980025466097038,59,0,0.8968752586471536,2512.916995345511,5,0,1,0,1.0
1084,0,0.17899662357183055,50,0,0.30184656209073485,2713.543373692763,9,0,0,0,0.0
1085,1,0.7644688281619881,83,2,0.6426759508039954,4139.663852131876,11,1,0,2,2.0
1086,0,0.2940759159455481,64,0,0.7125033419594109,275.6499921154985,9,0,0,0,1.0
1087,0,0.022344596176699493,60,0,0.06515377380121029,2804.465769655215,10,0,1,1,1.0
1088,0,0.344294018857314,34,0,0.01574237868503444,2439.0115659289454,5,0,1,0,0.0
1089,1,0.5830945297674531,33,4,1.044393180123649,7526.809813354983,7,1,0,1,0.0
1090,0,0.37547935838086005,56,0,0.1512955869233827,2580.087659765035,15,1,1,0,1.0
1091,1,1.0186942141945157,54,2,0.2552356345981422,4137.756285424774,13,1,0,1,0.0
1092,0,0.4888286837986438,43,0,0.2527916610787593,16878.928727562143,8,0,0,0,0.0
1093,0,0.24122427092247076,53,0,0.3648259450761021,10888.70416629056,9,0,0,0,0.0
1094,0,0.22029695401398905,74,1,0.012584132210502287,10115.428585199339,11,0,1,0,1.0
1095,0,0.04625179048927527,61,0,0.12857588593500188,3294.804311592019,7,0,3,0,1.0
1096,0,0.44795835229122843,36,0,0.013339939877958371,,12,0,1,0,1.0
1097,0,0.09499298073258196,50,0,0.21812223997219432,4076.0422491593854,9,0,0,0,0.0
1098,0,0.20596793126991678,40,0,0.9018992162660757,4201.199805525741,11,0,0,0,1.0
1099,0,0.10033739899912263,46,0,1.6217207092932904,6820.910695567955,9,0,1,0,2.0
1100,0,0.04310165847218885,46,0,0.40539338187444846,,9,1,1,0,1.0
1101,0,0.2979172720427767,45,0,0.07052197024627647,16226.524280258183,2,0,4,0,0.0
1102,1,0.5167591279177749,34,1,1.145143817947902,4323.825787658037,6,1,1,0,0.0
1103,0,0.4142669783754241,50,0,0.2904730139213734,8060.158118657835,6,0,1,0,
1104,0,0.11463597976616896,44,0,0.06677585675163059,,8,0,0,0,0.0
1105,1,0.5000404106229208,21,1,1.2190193360114234,,9,3,1,2,0.0
1106,0,0.21469707384133355,80,0,0.5666503803455912,1592.1884266477202,4,1,1,0,0.0
1107,0,0.014395497708375653,67,0,0.5262676696339587,7015.776768153935,5,0,0,1,0.0
1108,0,0.09695943297293391,46,1,0.494021271973651,9706.737544287187,12,0,0,0,2.0
1109,0,0.36825072767799694,52,0,0.0894273671711206,10031.550123601817,17,0,1,1,1.0
1110,0,0.019422241397648036,35,0,0.09479897576953845,2016.9951486248208,13,0,2,0,
1111,0,0.5485366692644359,75,1,0.4662766519696985,2905.5320736166623,14,0,0,0,0.0
1112,0,0.001148171158918817,78,0,0.09924238955158603,10890.50501004514,13,0,0,0,0.0
1113,0,0.08503685192744866,54,0,0.2309797335754749,2672.0244991388245,12,0,1,0,2.0
1114,0,0.40516705389333124,66,0,0.609307436204899,3867.034273609746,9,0,2,0,1.0
1115,0,0.11405771853592492,54,0,0.612902828733815,17338.775791827255,9,0,4,0,2.0
1116,0,0.03223961482313805,33,0,0.2415140605932249,4730.378974296443,14,0,0,0,2.0
1117,0,0.13399580026944238,46,2,0.6284523125018431,2747.8681991624508,10,0,3,0,0.0
1118,0,0.09457489154662681,53,0,0.7296018307453028,2435.4969830580962,8,0,1,0,2.0
1119,0,0.5549028411411088,45,1,0.4254244307317423,6413.59646571876,11,0,0,0,1.0
1120,0,0.11277826358815192,48,0,0.10372900132720196,1691.6870987000539,11,0,1,0,0.0
1121,0,0.4666731473194052,50,0,0.12808859628614594,4032.4573318734597,12,0,1,0,0.0
1122,1,1.1673322723112085,50,1,0.3512418310751869,6416.219934276877,9,0,1,1,0.0
1123,0,0.1706516017629889,52,0,0.049683301774802416,13895.49347942668,9,0,0,0,0.0
1124,0,0.7221942219483589,37,0,0.12761935435972885,8383.648363425957,7,0,1,0,0.0
1125,0,0.14211582316785482,41,0,0.09404557672370609,2775.9488776202083,3,0,0,0,0.0
1126,0,0.9979250856506148,34,0,0.24302915079264908,12616.18073064312,9,0,0,0,0.0
1127,0,0.028059072543708454,65,0,0.9562936010431642,3867.5943198635855,9,0,2,0,1.0
1128,0,0.34848409339799646,22,1,0.044140431019471967,1828.8407631625714,11,0,0,0,1.0
1129,0,0.20425535046934595,68,0,0.5095692020588477,4282.8198392754075,10,0,2,0,3.0
1130,0,0.14713479412875394,71,2,0.4649826659608069,15530.10008766009,13,0,2,0,2.0
1131,0,0.3004826002215983,47,0,0.04026162056629445,5609.3607294383,11,0,3,0,0.0
1132,0,0.3650739427905373,21,0,1.023364814464723,4964.249919562705,4,0,3,0,1.0
1133,0,0.0013118449475239236,46,1,0.3361693396450325,18210.785651717444,9,0,2,1,0.0
1134,0,0.0547995967113627,51,1,0.18085009528016757,1563.8658165133502,5,0,2,0,1.0
1135,0,0.37453005938059986,37,0,0.565118721117645,,2,0,1,0,2.0
1136,0,0.32933066555024165,44,0,0.11902048956571419,1349.2751795711567,10,0,1,0,0.0
1137,0,1.0148378823121624,73,0,0.47302784755547417,6621.77373725652,16,0,0,0,1.0
1138,0,0.42943495732702214,61,0,0.01620848572543249,5614.986717843013,6,0,0,0,
1139,0,0.9033921265130637,39,0,0.7315554104408646,,9,0,0,0,0.0
1140,0,0.3637431608631262,29,0,0.23780671443405962,5971.659026750959,13,0,0,0,0.0
1141,0,0.10616887470097945,47,0,0.4050027345554891,3557.0053371690424,8,0,2,0,2.0
1142,0,0.03340181346361077,49,0,0.10001982732204445,4921.83101760483,7,0,0,1,0.0
1143,0,0.4567357728343442,58,0,0.45213247774751397,5400.063192338304,9,0,1,0,2.0
1144,0,0.3099731392356075,44,0,0.5917856189385627,1290.2496184842657,11,0,3,0,0.0
1145,0,0.014815696335462597,59,0,0.2563837365908756,42970.33683021077,11,1,2,0,0.0
1146,0,0.1339097876123271,79,0,0.3846480269152801,7449.459917731415,8,0,1,0,1.0
1147,0,0.9425731537632343,63,0,0.2437621345386504,5813.898635533471,6,0,0,0,0.0
1148,0,0.20818493819650513,51,1,0.8980714122856036,8039.572486375372,11,0,1,1,0.0
1149,0,0.1700755125217647,49,0,0.27555783866191136,,14,0,0,0,3.0
1150,0,0.18358055911499965,47,0,0.7375801103659998,4392.075667822771,6,0,0,0,1.0
1151,0,0.07029271777577874,68,0,0.6464884632260631,2966.1114296992596,10,1,1,0,1.0
1152,0,0.13799563576775103,43,1,0.21139549509845645,7939.142485149336,13,0,5,0,3.0
1153,0,0.13852172533561122,52,1,0.10458979993607294,6691.334917302776,7,0,0,0,2.0
1154,0,0.016132602220829344,52,1,0.2084056957929426,2571.096963140701,10,0,1,0,1.0
1155,0,0.43774679148391493,44,1,0.6999800187361854,15294.192942515585,11,1,0,0,1.0
1156,0,0.16161552679913094,32,0,0.10331794093334053,6214.755289898613,5,1,2,0,0.0
1157,0,0.5180948519348694,56,0,0.2973018152596563,8811.874710921848,8,0,1,0,1.0
1158,0,0.5698328063216571,51,1,0.6561583780560083,14966.007026592988,13,0,1,0,0.0
1159,0,0.07147489330621874,59,0,0.1744588960487038,,6,0,1,0,1.0
1160,0,0.32131677704139283,44,1,0.4111232169276596,6333.204363323055,3,0,1,1,0.0
1161,0,0.19175785732822295,69,0,0.11274976069271159,,8,0,1,0,2.0
1162,0,0.636471161790708,39,0,0.04628981274761204,,10,0,0,0,1.0
1163,0,0.07290466408988917,75,0,0.6326984088569484,5131.9517827323325,8,1,0,0,0.0
1164,0,0.3397871335150334,27,1,0.04168607911778881,5434.043903281706,5,0,0,1,0.0
1165,0,0.280758389352927,58,0,0.12664194382791732,2287.359006284869,6,0,2,0,0.0
1166,0,0.1049955586170477,58,1,0.7727105823626337,31385.75576578321,11,0,1,0,0.0
1167,0,0.04406347274420626,40,0,0.17014629977516937,1594.2604583313573,10,0,2,0,0.0
1168,0,0.3163554490756285,57,0,1.4454397746969874,1739.785096896725,7,1,0,0,1.0
1169,0,0.4025081261356413,69,0,1.5595308772331462,14064.107458342016,15,0,1,0,1.0
1170,0,0.11377580719805303,21,0,0.12494076530185028,8695.95279681561,7,0,0,0,
1171,0,0.31054981880414945,59,1,0.01673659821806561,2162.9496460809164,7,0,0,0,1.0
1172,1,0.6508229661744103,21,1,0.6883977873542833,7989.082587507784,10,3,1,0,1.0
1173,0,0.37469825124982514,38,0,0.2398529009739311,15903.275225137306,11,0,1,0,0.0
1174,0,0.0666489377118213,74,2,0.04247894360079266,4797.208925509977,3,0,0,0,0.0
1175,0,0.6627694185818974,43,0,0.4917474515814366,,9,0,0,0,0.0
1176,0,0.10165454782038562,35,0,0.012668475257512083,1237.3788013030103,14,0,2,0,0.0
1177,0,0.13755819455650167,49,0,0.8166939912236345,,14,0,1,0,0.0
1178,0,0.017954286853111824,80,0,0.05970291572572383,12496.734747629343,13,0,0,0,0.0
1179,0,0.035470312907013406,26,0,0.05447081455792934,10027.38492146033,6,0,3,0,1.0
1180,0,0.21761552639652182,37,0,0.07727485259717845,4173.5213992282515,6,0,1,0,1.0
1181,1,0.5934255401677173,72,1,1.49022282279077,3895.770725699742,9,1,2,2,0.0
1182,0,0.5414173523241018,78,0,0.47258373827243505,7011.564504015,9,0,0,0,0.0
1183,0,0.0044407217083325115,50,0,0.6465276846710752,9438.983651635113,5,0,0,0,0.0
1184,1,0.6429726966964121,34,3,0.4027566725714431,7958.36415080584,6,1,1,4,0.0
1185,0,0.12345048340249289,81,0,0.16397768624296177,11294.219358737617,6,0,0,1,0.0
1186,1,0.5058550555009631,74,4,0.30688206863683554,2175.261213226167,14,0,2,2,
1187,0,0.03984294699137661,61,1,0.26206938114522066,4096.069837320606,7,0,2,1,0.0
1188,0,0.16014777164272365,40,0,0.3210319313613791,2316.9043790787505,7,0,1,0,2.0
1189,0,0.2036931657701976,51,0,0.39962427600383266,3608.7249126127363,8,0,1,0,0.0
1190,0,0.15540026497191659,49,0,0.11888749637064183,11072.022538119638,8,1,0,0,2.0
1191,0,0.22710589125399677,56,0,1.1876679272292685,5358.2201458589025,13,0,2,0,0.0
1192,0,0.271258016389055,72,0,0.07441546179935847,39556.57997946357,7,0,2,0,0.0
1193,0,0.002992017137445815,64,0,1.3484982754574915,5737.19155675093,6,0,0,0,
1194,0,0.18713960098998567,36,1,0.005987031982686014,5155.160364299907,9,0,3,0,1.0
1195,0,0.9931266663028914,71,0,0.26243744236455224,5350.5055756793245,13,0,0,0,0.0
1196,0,0.21958653647544765,56,0,0.16220674664898294,2950.568214031874,10,0,0,0,
1197,1,0.839534963967169,61,1,0.43849779065658734,,8,1,0,2,0.0
1198,1,0.6121305739069641,72,6,0.5382067193501539,12115.373007676879,4,1,0,0,2.0
1199,0,0.4461546392012993,36,1,0.2287891397720813,5383.944346836127,6,0,1,0,0.0
1200,0,0.444737827946904,51,0,0.2143526686624782,2605.1153048162805,6,0,0,0,0.0
1201,0,0.22100187786082698,44,0,0.5277885037699352,,9,0,0,0,0.0
1202,0,1.1190832753607534,30,0,0.4631873369182509,3428.3640967578804,10,0,1,0,0.0
1203,0,0.040248122185312464,56,0,0.7165548922929954,5213.938230291727,11,0,1,0,1.0
1204,0,0.00512787601754016,87,0,0.11505095290665752,,12,0,3,1,1.0
1205,0,0.4411092251879348,26,0,0.37616012828028156,1681.7817685594616,7,0,0,0,
1206,0,0.49376139241978384,51,0,0.35197849253154584,3805.257635352967,8,0,0,0,1.0
1207,0,0.03842066606354119,60,0,0.18464774918186336,5516.219412281658,13,0,1,0,2.0
1208,0,0.09260341930441045,53,0,0.26625758760830404,1133.4659002409749,10,0,1,0,0.0
1209,0,0.0053124698119395,50,1,0.1506240505266204,2522.7916718406846,9,0,2,0,
1210,1,0.6041483647554969,33,3,0.261187936471281,,6,0,2,1,1.0
1211,0,0.4450291356384336,55,0,0.09621824235484318,2599.8881423723196,14,0,0,0,1.0
1212,0,0.218918782671621,41,0,0.04460225281929104,5730.233939523308,13,0,1,0,1.0
1213,0,0.12835720292800248,21,1,0.45962920371566646,4322.34048039429,5,1,1,0,0.0
1214,0,0.1394400189478096,68,0,0.43238053785466635,,9,0,0,1,0.0
1215,0,0.0004063628083043444,65,0,1.2031735369825858,,4,0,0,1,1.0
1216,0,0.10691700717336211,52,0,0.5232571872671619,19505.656396742135,7,0,1,0,0.0
1217,0,0.31192652596815523,55,0,0.02137965240577883,18240.601013616615,14,0,0,0,1.0
1218,0,1.097149636285554,67,0,0.8625123571866555,1055.5134208330064,11,0,4,0,1.0
1219,0,0.5633144995874073,55,0,0.7941624345296643,,13,0,2,0,1.0
1220,0,0.00716333502465495,64,0,0.23430611466209184,4262.373176984116,10,0,1,0,0.0
1221,1,1.1864881247666776,47,0,0.552623425612569,5564.2877844713885,5,1,1,0,1.0
1222,0,0.4586318072130457,70,0,1.4931882558568734,3573.7601120451423,7,0,0,0,1.0
1223,0,0.45475165450469984,56,0,0.30397501789470893,5399.550044077306,8,0,0,0,0.0
1224,1,0.6837444358569338,54,4,1.14290872225395,5547.62904772813,10,4,0,1,1.0
1225,0,0.1522519877985587,34,0,0.0346760293987862,3092.8200589353137,13,0,2,1,2.0
1226,0,0.10825469099469391,56,1,0.08480819143028613,2399.2367903467666,4,0,0,1,0.0
1227,0,0.02038565719028126,40,0,0.23246700722529853,3432.4976530711006,10,0,0,0,1.0
1228,0,0.07772269512990825,43,0,0.35155637055129735,5927.793973506788,9,0,1,0,1.0
1229,1,0.58494914255028,40,3,0.8776234456291363,7936.257324072889,9,0,3,3,0.0
1230,0,0.19853936536781008,37,0,1.7779734585329656,9727.178774201882,9,0,2,0,0.0
1231,0,0.4128371647820147,81,0,0.19696611975274753,3309.816343705748,5,0,2,0,0.0
1232,0,0.19262777658469646,70,0,0.019430641968768272,6167.66532475883,15,1,3,0,0.0
1233,0,0.017875467018745223,78,0,0.6461250605789953,10614.77389680744,11,0,0,0,1.0
1234,0,0.9495280213190269,34,0,0.37092117680228287,12487.406258668545,7,0,1,0,1.0
1235,0,0.8579637487056131,52,1,0.08852951267402015,4688.80821259307,11,0,0,0,0.0
1236,0,0.4613997707183753,33,1,0.2731428870118965,4118.542510004953,7,0,0,0,0.0
1237,0,1.4242933450079829,42,1,0.5423995678859861,5726.726683587305,9,0,1,0,0.0
1238,0,0.2358962329938869,39,2,0.5885871813046082,1959.0873806705686,3,0,0,0,0.0
1239,1,1.48717882393487,69,0,0.4769537182512768,4209.555718968773,9,2,0,3,1.0
1240,0,0.023584756034750947,46,0,0.14566086300485045,8916.592258485745,10,0,2,0,1.0
1241,0,0.13656086989388305,66,0,1.4559226963421947,8213.691233645332,10,0,0,1,1.0
1242,0,0.07661529881957732,60,1,0.4354995699334283,3959.1550747025894,10,1,3,0,1.0
1243,0,0.06538452736569246,84,0,0.20985997588737615,5849.8690822313465,8,0,1,0,0.0
1244,0,0.0455270962113255,31,0,0.13165905638890782,2540.915499045623,11,0,0,1,1.0
1245,0,0.2921867917175943,69,0,0.5253707236501389,,8,0,2,0,0.0
1246,0,0.4560462873369479,68,1,0.11092557411449591,4618.119428456798,11,1,3,0,0.0
1247,0,0.25903719680874804,38,0,0.07535677242363888,3941.1933559100244,12,0,0,0,1.0
1248,0,0.04768560470034754,66,0,0.30186768759145155,3679.8266759431344,6,0,1,0,0.0
1249,0,0.49999900374439626,56,0,0.13698902090607598,4673.5998824432445,7,0,0,0,1.0
1250,0,0.3031430964652191,48,0,0.3965190299973631,3434.744718218541,13,0,2,0,0.0
1251,0,0.14738813843333426,40,0,0.05019747830854694,8320.806205348143,13,0,1,0,1.0
1252,0,0.3363772971201204,41,0,0.4256160660484969,3582.345962563723,4,0,0,1,0.0
1253,0,0.09029300837961514,80,0,0.1332372366259804,17577.43536323215,9,0,2,0,1.0
1254,0,0.12702406034818886,52,0,9.718557914497479e-05,15869.723694035336,8,0,0,0,0.0
1255,0,0.7484356205888114,62,0,0.054298592586117904,2408.513926098342,5,0,0,0,0.0
1256,0,0.10296033986713919,40,0,1.084915937289511,5196.618556979332,5,0,2,0,1.0
1257,0,0.19045684113896824,41,0,0.8080304686438806,2920.396585321706,6,0,0,0,3.0
1258,0,0.6625676412785252,67,0,0.10642513496435871,3784.5487927372637,14,0,2,0,1.0
1259,0,0.36901429555311965,33,0,0.6027018190413928,,7,0,0,0,0.0
1260,0,0.019266603742221822,46,0,0.37518105966915016,3842.7474299785704,12,0,2,0,0.0
1261,0,0.04780531902139673,52,0,1.4148716093626381,6556.294304122726,8,0,0,0,0.0
1262,0,0.0023617493171920845,53,1,0.18711006774496733,7578.397428234766,8,0,2,0,0.0
1263,0,0.29902401204044743,49,0,0.45760365841987743,2207.23637299202,10,0,1,0,2.0
1264,0,0.17808473610307013,57,0,0.026257560972777812,2479.776267750316,6,0,0,0,1.0
1265,0,0.04325634017703105,61,0,0.20183627180720898,1872.7853673029397,10,0,1,2,1.0
1266,0,0.9505555029945666,62,0,1.3276736629312802,,6,0,1,0,0.0
1267,0,0.2262896563885388,38,0,0.3097262999012161,502.6911233252239,8,0,0,0,0.0
1268,0,0.08307933909276143,48,0,0.13580325799993795,7598.194411657125,7,0,1,0,1.0
1269,0,0.20830651561575467,68,0,0.05125653262834449,25421.61493970166,5,0,1,0,0.0
1270,0,0.34147455788197684,64,0,0.48632145900496443,,8,0,0,1,4.0
1271,0,0.023790640431015243,32,0,0.41409282409548664,1582.8541374599383,8,0,0,0,1.0
1272,0,0.09635255297552786,56,0,0.1873228044330689,,6,0,2,0,2.0
1273,0,0.4934658907052556,24,0,1.205895518355542,3404.6537474810148,7,0,1,0,0.0
1274,0,0.18466971646720418,52,0,0.00898120227829574,2177.498844842308,11,0,2,0,0.0
1275,0,0.23727903828174104,78,1,0.14480357297651733,,5,0,2,0,3.0
1276,0,0.17012145504069337,38,0,1.0156749547916837,9397.58514231773,11,0,2,0,0.0
1277,0,0.013467812670047109,40,1,0.15481562898682577,1950.105133940793,6,0,0,0,1.0
1278,1,0.5543665692275581,62,3,0.31627614852894037,8778.535169802897,9,2,0,0,0.0
1279,0,0.17692907022668283,30,0,0.3056170957732659,16671.402924830767,9,0,0,0,1.0
1280,0,0.0704075424747072,43,0,0.6944581987895887,,5,0,1,0,1.0
1281,0,0.015381365860838053,60,0,0.04354521733150627,48638.44849769422,9,0,2,0,1.0
1282,0,0.5566968139162292,43,0,1.1460269617140215,,15,1,1,0,1.0
1283,0,1.192050330958572,48,0,0.6340403524048472,47069.30368550667,6,0,1,0,1.0
1284,0,0.4727180809703227,62,0,0.07999072166270281,3702.0236782880897,11,0,2,0,0.0
1285,0,0.5768029806808435,57,0,0.4979289769109773,3059.56379978536,9,0,2,0,1.0
1286,0,0.0831125168127634,55,0,0.19442635830616,6384.687981840544,15,0,0,0,1.0
1287,0,0.9704023064576364,47,0,0.20586296767469936,3085.13573183696,5,0,0,0,2.0
1288,0,0.06579241405241347,57,0,0.6116782605254398,6763.090996386826,10,0,2,0,0.0
1289,0,0.9074235954606155,50,0,1.316415285382334,1709.4692989049925,14,0,1,0,
1290,0,1.5788441795967885,58,1,0.05417024465448242,,8,0,0,0,0.0
1291,0,0.37314983450540457,45,0,0.2183257526177647,13745.486401409084,7,0,1,0,0.0
1292,0,1.1912729668279338,49,0,0.2622955574547081,4695.458137974777,6,0,2,0,0.0
1293,0,0.25287010876782184,38,0,0.1888418968665363,5504.254564668848,8,0,0,0,1.0
1294,0,0.09014582174769585,51,1,0.1805130260025853,7188.27772000138,13,1,0,0,0.0
1295,0,0.17234050289784286,40,0,0.021473688597851398,12538.125275560094,9,0,1,0,3.0
1296,0,0.27009637912848533,36,0,0.46275760410532785,1307.4320566248855,7,0,1,0,0.0
1297,0,0.02276691066415316,55,0,0.2292325087866045,7844.902536701005,8,0,0,0,0.0
1298,0,0.2921308810184853,54,0,0.08666275543174488,3965.9023564055005,12,0,0,0,0.0
1299,0,1.1918160623626164,62,0,0.6772006462719784,5615.637052702784,8,0,1,0,0.0
1300,0,0.0632561823346001,45,0,0.6489297310131878,11475.391314283293,10,0,0,0,4.0
1301,0,0.4719247308468735,57,0,0.26651769051570534,1890.602194759567,4,0,2,0,2.0
1302,1,1.2154601716853772,59,2,0.3417856194210448,2186.1219343469743,9,1,2,1,0.0
1303,0,0.8631267107677487,58,1,0.40654689943080347,1044.878648928914,15,0,0,0,0.0
1304,0,0.9666815083344595,40,0,0.13595642569853475,3167.4206056870335,3,0,1,0,1.0
1305,0,0.22110441661708632,54,0,0.10767914794973915,14247.630276799173,12,0,0,1,2.0
1306,0,1.1357216354578068,57,0,0.5244965059908911,4462.793745400002,14,0,3,1,0.0
1307,0,0.424791367117252,52,0,0.016464337319603627,,8,0,1,0,1.0
1308,0,0.05290355234425688,22,0,0.03982581395638998,3332.4298592349114,5,0,0,0,1.0
1309,0,0.1943948496414961,54,0,0.002724527390154285,1494.744603134881,5,0,1,0,2.0
1310,0,0.3801069836763756,82,0,0.06639500415978185,1997.8984230764681,7,0,3,0,2.0
1311,0,0.08524262999393876,46,0,0.028594107992047865,6707.993327340197,7,0,1,0,1.0
1312,0,0.30700846573840584,41,0,2.189293867914835,1921.5767250097244,11,0,1,0,
1313,0,0.32952412365568884,57,0,0.1363262453505315,11969.385303742962,12,0,1,0,0.0
1314,0,0.053271763139552876,56,0,0.06466325540762519,4642.9432597100085,3,0,1,0,1.0
1315,0,0.24978161631259735,68,0,0.11029942856880169,,12,0,0,0,1.0
1316,0,0.44303238961241875,34,0,1.1003344713156231,3933.5658164405727,9,0,1,0,1.0
1317,0,0.20728228354798078,62,0,0.2937212115082534,,12,0,0,0,1.0
1318,0,0.0036530867663101,60,0,0.18153754344187334,9196.037007891638,8,0,2,0,0.0
1319,0,0.0027238691552712853,50,0,0.8266621193909318,6425.588375537469,9,0,2,0,1.0
1320,0,0.13249685754603202,56,0,0.20100429573738757,7722.020138245016,3,0,2,0,1.0
1321,0,0.7818948531157205,66,0,0.1631924502255011,,7,0,2,0,0.0
1322,0,0.07789433128917508,64,0,0.09291535655249691,7583.744890607374,10,1,0,0,0.0
1323,0,0.301834837516566,35,0,0.18979543596720735,3750.700042795058,8,0,2,0,1.0
1324,0,0.07533788391915291,63,0,0.15231935308276057,4923.551003007781,7,0,4,0,0.0
1325,1,0.6164364105639667,51,2,0.6524177797136363,3945.3186395781117,12,2,3,0,1.0
1326,0,0.5652455105262376,53,1,0.1367610966791363,3409.1735102660664,15,0,0,0,2.0
1327,0,0.39153759168791913,53,0,0.34434217009152446,2831.921008151033,5,0,0,0,2.0
1328,0,0.030078486911000693,49,0,0.02726535696792874,7144.885628922233,6,0,0,0,2.0
1329,0,0.16795330523405358,68,0,0.08492554026252333,,7,0,2,0,1.0
1330,0,0.00888109794067564,50,0,0.20929781584607754,12542.542907680418,9,0,2,0,0.0
1331,0,0.1966919263907417,36,0,1.1055261533254528,1798.5709847929982,6,0,0,0,2.0
1332,0,0.3257982800686637,46,1,0.18944532538763623,13785.360036749524,9,0,2,0,0.0
1333,0,0.037839976031087526,54,0,0.4363458968653837,3810.338078527239,8,0,0,0,0.0
1334,1,0.6022763096981103,69,4,0.3177952578129342,7947.291137131759,11,2,0,1,
1335,1,0.6521679452848551,60,2,0.25434327373303767,2380.4093183119267,9,1,2,2,1.0
1336,0,0.755965070489133,40,0,0.024127922345036617,,15,0,1,0,0.0
1337,0,1.4996868227707052,86,0,0.14577542896377774,6316.866431092857,6,0,1,0,0.0
1338,0,0.013785318654504821,55,0,0.06862910590100091,1498.6442820873858,6,0,0,0,0.0
1339,0,0.4293974640901723,69,0,0.07646926178843594,7995.336659007277,7,0,3,0,2.0
1340,0,0.13943274729164667,49,0,0.5721140623737916,14425.431528805557,8,0,0,0,0.0
1341,0,0.14950028306525193,59,0,0.006385933368336031,4273.898312387839,10,0,0,0,0.0
1342,0,0.42105043529860253,63,0,0.32640636374533327,14590.625386696915,7,0,0,0,0.0
1343,0,0.7518749978511517,69,0,0.1908669748407015,4222.764153320387,9,0,1,0,1.0
1344,0,0.9043436359761617,66,0,0.28253349687151497,9697.928886494747,8,0,1,0,0.0
1345,0,0.2582018830336391,64,0,0.3309734744518374,833.0919558403901,8,0,1,0,4.0
1346,0,0.1325397001948242,47,1,0.1503825390361802,,17,0,1,0,2.0
1347,0,0.46471329287312957,43,0,0.13988475988059343,16258.426321042089,9,0,2,0,1.0
1348,0,0.08670544268363184,56,0,0.5288051232006679,3913.9391324542985,8,0,1,0,0.0
1349,1,0.749084852285532,65,0,1.020036951154361,1014.6802109046567,7,1,1,1,0.0
1350,0,0.13322052356299607,48,0,0.08556532872937923,6188.343338028089,9,0,2,0,2.0
1351,0,0.32068494689633814,66,0,0.041087275221828035,1548.2175219616176,3,0,0,1,0.0
1352,0,0.0824885606665529,72,0,0.9123130274833008,7015.539035837465,10,0,0,0,0.0
1353,0,0.06380687018533278,39,0,0.17224884154623413,6831.17911526395,8,0,1,0,1.0
1354,0,0.7511867945369061,40,0,0.320575809854357,2314.334529180262,8,0,2,0,0.0
1355,0,0.03220998561113753,50,0,0.17822940824045994,12049.441856597745,4,0,0,1,1.0
1356,0,0.21154036752294528,56,1,0.05377950764389775,9362.426358791845,4,0,0,0,0.0
1357,0,0.07486658066715754,44,0,0.3559877248946596,,10,0,1,0,0.0
1358,0,0.011912398114159995,70,0,0.29789481958501896,4949.71937944792,5,0,0,0,0.0
1359,0,0.01100505168339813,57,0,0.09075700756345498,1583.797536706249,8,0,0,0,1.0
1360,0,0.05779222303749805,52,0,0.24049642038807187,10746.096139305675,10,0,1,0,0.0
1361,0,0.6047042945612168,31,0,0.6377162929854611,3958.826336672972,9,0,0,0,0.0
1362,0,0.09958581200041483,33,1,0.35705517423132926,1616.7542765020617,6,0,0,0,1.0
1363,0,0.9014874337607278,55,0,0.04077647044810614,,8,0,0,0,0.0
1364,0,0.2614111947521591,22,0,0.31764826420895176,26357.971090513303,10,0,1,0,0.0
1365,0,0.1721371829445263,66,0,0.4852569523954413,4755.235482166339,8,1,1,0,0.0
1366,0,0.26031363035823096,49,0,0.6294418755647939,,5,0,1,0,0.0
1367,0,0.21813430769852596,95,0,0.3967480760592316,5287.24070489694,14,0,4,0,2.0
1368,0,0.4266091105648045,84,0,0.06626043278839806,,8,0,0,0,1.0
1369,0,0.09959305451961793,49,0,0.495388802223638,2967.969229016893,5,0,0,0,1.0
1370,0,0.13064606175678797,50,0,0.45246474528229275,18208.902947423987,6,0,0,0,1.0
1371,1,1.1735618682141562,65,4,0.20989206732389112,,7,2,0,2,2.0
1372,0,0.8781783350832452,75,0,0.21223971455402568,,9,0,1,0,0.0
1373,0,0.6692418687591921,29,0,0.16195625743522712,,11,0,1,0,1.0
1374,0,0.1631327680492482,26,0,0.44275303450254155,,4,0,2,0,1.0
1375,0,0.4547371474654581,43,0,0.09740780145047839,11205.945393860096,10,0,1,2,0.0
1376,0,0.1940713537235045,60,0,0.357490810078938,3626.308700516299,9,0,1,1,1.0
1377,0,0.20647168498421087,58,0,0.9776869376679175,3555.1896793349906,11,0,2,0,0.0
1378,0,0.06870326001481353,66,0,0.639403881782289,12164.093771939113,13,0,3,0,1.0
1379,0,0.26830762907219824,35,0,1.0176473627714866,17639.885428863414,10,0,1,0,1.0
1380,0,0.061788563242299234,21,0,1.5359919656482426,8231.733000344415,7,0,1,1,0.0
1381,0,0.1208447008718755,64,1,0.004290984406732442,2910.802744966933,4,0,2,0,0.0
1382,0,0.5793689535871065,40,0,0.3899296229414537,3266.626893841975,13,0,1,0,0.0
1383,1,0.569608297973931,23,1,0.4129827592835279,5239.242527221026,7,4,0,1,1.0
1384,0,0.02214508110090788,54,0,0.7860296165515536,6353.391536489409,4,0,4,0,0.0
1385,0,0.021451247120686388,63,0,0.11604184283984259,2229.889411320072,10,0,2,0,3.0
1386,0,0.8479716879850637,50,1,1.585947825677879,8764.198515161228,11,0,1,0,1.0
1387,0,0.21212542035473986,45,0,0.38046465599002954,5262.758846222704,11,0,2,0,1.0
1388,0,0.15799102494049913,49,0,0.6310544030323653,1245.675640820633,12,0,1,0,0.0
1389,1,0.9996098124985499,46,1,0.2357946709850754,2337.55038037321,8,1,2,1,0.0
1390,0,0.5420483996642909,33,0,0.0810707150768939,3283.604599028344,6,0,2,0,0.0
1391,0,0.12112593721886628,41,0,0.5681948063972729,4636.4944301150435,3,0,1,0,2.0
1392,0,0.35487683314990465,59,0,0.008892731158557182,22279.51747305007,14,0,1,0,0.0
1393,0,0.4423709199177786,56,1,0.6790410418263036,5946.374855704437,9,1,1,0,1.0
1394,0,0.3189596617041662,54,0,0.00561888821422049,,8,0,1,0,0.0
1395,0,0.049319175308414794,38,0,0.42814854456681567,5863.515652895719,10,0,0,1,0.0
1396,0,0.6259593848225844,49,0,0.18171127876218318,3708.303606230823,7,1,1,0,0.0
1397,0,0.2323687081712771,21,0,0.37817954405926923,,10,0,0,0,0.0
1398,0,0.0995831705821331,54,1,0.47633235815088215,7820.111952618402,5,1,1,0,0.0
1399,0,0.16613464835633043,72,0,0.1677091304759836,12931.022105347429,6,0,3,1,2.0
1400,0,0.011488522710810682,31,0,0.045698819503117015,4820.200498911179,11,0,0,0,0.0
1401,0,0.0410439347539992,43,1,0.028875991179395762,,11,0,1,0,0.0
1402,0,0.4351497220536421,56,0,0.35560256549410485,10162.077006660333,4,0,2,1,0.0
1403,0,3.490446915129697e-06,69,0,0.29413417130342645,2790.7017434810023,6,1,2,0,0.0
1404,0,0.1616470950639813,45,1,0.5422300411365261,28792.912226777415,4,0,0,0,0.0
1405,0,0.2217637322801619,42,0,0.28512410320067627,6384.290296569451,14,0,1,0,1.0
1406,0,0.016855070746949075,24,1,0.21958118836612345,2519.713281430448,8,0,0,0,0.0
1407,0,1.0844452608836326,53,0,0.2030570634023297,18440.97631087662,13,0,0,0,2.0
1408,0,0.07690360355493384,80,0,0.010721165148448168,25905.797598988625,9,0,1,0,0.0
1409,0,0.10880735284025105,55,1,0.16352259473865333,4786.619925526852,11,0,2,0,2.0
1410,0,0.10869690741718759,51,1,1.49221667935964,3284.861575581536,12,0,2,0,1.0
1411,0,0.07857180906761839,56,0,0.8271809620460884,4281.676999030986,8,0,1,0,
1412,0,0.0004424727691155174,51,1,0.15981989560176613,8706.15374846367,8,0,1,0,0.0
1413,0,0.3920728713224062,40,0,0.3544941852990864,13660.794910817009,4,0,2,0,
1414,0,1.0219730456708247,63,0,0.7517035016740072,7757.301940895669,7,0,0,1,0.0
1415,0,0.07619430913326329,55,0,0.23283867588310267,5331.4502217185955,9,0,0,0,0.0
1416,1,0.8263437180381761,52,0,0.20724842517739392,16291.673307542114,7,1,1,0,0.0
1417,0,0.4063181823841872,38,0,0.030972980398571937,3826.5956457444872,7,0,1,0,
1418,0,0.5660031684111104,70,0,0.28566067254727673,,10,0,0,0,0.0
1419,0,0.16478117381616766,61,1,1.3952171541753013,3903.191228806535,5,0,1,0,1.0
1420,1,0.6082612226178048,44,2,0.6726361249524122,,6,1,0,1,2.0
1421,0,0.1180439757943906,66,0,0.029422532200229612,4487.943904681963,8,0,2,0,2.0
1422,0,0.37408636079772695,45,0,0.08397292008542165,4700.002191044635,11,0,0,1,2.0
1423,0,0.5091194251890159,41,0,0.5901781510902613,,7,0,1,0,0.0
1424,0,0.060126339492491944,41,0,0.7366482778012191,14412.962077449996,9,0,0,0,1.0
1425,1,0.6390590719900341,27,3,0.5846141908880769,2734.377734286661,7,1,1,2,2.0
1426,1,1.1966533247531097,58,1,0.6136055735617859,2718.441991567008,12,3,0,1,0.0
1427,0,0.49304351061881124,26,1,0.01149868239035361,26817.095439730856,10,0,1,0,
1428,1,1.7570928616047128,34,0,0.905339387460856,10745.883733580238,8,3,1,1,0.0
1429,0,0.42103003149601226,22,0,0.6209871997552913,729.1715604719824,7,0,2,0,1.0
1430,0,0.14986443686509932,50,0,0.1199208331002121,3126.886339286314,5,0,2,0,0.0
1431,0,0.2679465069899874,49,0,0.4933286801923513,1153.3298163256188,7,0,1,0,0.0
1432,0,0.3245391661238773,47,0,0.09675454544185463,2297.2027021466174,10,0,2,0,1.0
1433,0,0.024511366636449334,37,1,0.01646638857420972,399.0905234662804,11,0,0,0,3.0
1434,0,0.23590586590572316,35,0,0.08982609586893057,4404.615898432638,4,0,2,0,0.0
1435,0,0.3706605370070483,58,0,0.07871209344401288,,8,1,1,0,0.0
1436,0,0.05493222909388341,44,0,0.16484365035863602,5156.040430303854,12,0,2,0,0.0
1437,0,0.4551009917922335,56,0,0.21682298462769684,1339.3008363943215,8,0,1,0,1.0
1438,0,0.2629571901440828,39,0,0.2841489882800381,5251.817481019244,11,1,0,0,0.0
1439,0,0.9123556533331542,54,2,0.2590813297171119,3526.5205273066786,9,0,1,0,1.0
1440,0,0.01300452315663375,70,1,0.12625411594417377,16343.12129914107,7,0,2,0,0.0
1441,1,0.5924985808428314,60,2,0.21184183676846902,15200.5287041392,9,2,0,1,0.0
1442,0,0.2760548985486731,46,0,0.3716507274669835,9212.131009091569,8,0,0,0,1.0
1443,0,0.10553177073139057,55,0,0.20150348124851872,3784.6510754180276,10,1,1,0,1.0
1444,0,0.3759742980566277,48,0,0.14191192911917438,24059.95973994399,5,0,1,0,
1445,0,0.4268940794729543,52,1,0.8067851847977621,1418.807171809053,7,0,1,0,2.0
1446,0,0.03244798381157822,47,0,0.5493406843694995,1599.0309945410606,6,0,2,0,1.0
1447,0,0.21637417306352275,49,0,0.7801114060380739,4596.146527963711,10,0,3,0,2.0
1448,0,0.21332648249694466,54,0,0.27326511216433097,,6,0,1,0,1.0
1449,1,0.6382683428561771,38,0,0.25613321814769086,,11,1,2,1,2.0
1450,0,0.8105825501301526,37,0,0.4765825005151169,4244.603988359758,9,1,1,0,0.0
1451,0,0.5272184040384245,32,0,0.09230589755509433,,8,0,0,1,1.0
1452,0,0.35841412252451393,29,0,0.23280669892131725,10474.967772936543,6,0,1,0,1.0
1453,0,0.37587186114766485,34,0,0.02688383739576349,,10,0,1,0,1.0
1454,0,0.18581077326878276,54,0,0.6978932637180791,9239.65809383989,11,0,1,0,0.0
1455,0,0.7614714227136113,39,0,0.05384279568447732,2970.9096421510485,12,0,0,0,2.0
1456,1,0.8558353740002627,59,1,1.1336200133484176,2792.338191483479,7,1,1,0,0.0
1457,0,0.3916699732065849,52,0,0.7987189749101883,1746.7325365060688,8,0,0,0,2.0
1458,0,0.5934792812614715,24,0,0.24988358259254384,5255.855153175949,9,0,1,0,1.0
1459,0,0.09609116307863234,61,0,0.5456068671634282,2070.7665600586074,12,0,1,0,2.0
1460,0,0.4936297605373797,63,0,0.3864499037808489,,0,0,1,0,1.0
1461,0,0.06516357956970997,38,0,0.6499742380950303,3501.8526166185056,8,0,1,0,3.0
1462,0,0.12709267324980433,57,0,0.2261163146793128,3323.1721076047816,12,0,0,0,2.0
1463,0,0.12266599088106836,40,0,0.6163538922947356,3195.8781390231343,9,0,0,0,0.0
1464,0,1.1522662866757847,53,1,0.24829847274540842,7137.769970393525,4,0,0,0,
1465,1,1.0825039029117327,34,2,1.331855254425229,,4,0,0,0,0.0
1466,0,0.3623639897954664,26,2,0.266502482903359,3902.9001173042307,8,0,0,0,0.0
1467,1,0.8895474270260643,46,1,0.44841937795044173,5689.686009022712,12,1,0,1,0.0
1468,0,0.24771077390523927,50,0,0.6149806186221392,2223.3678327858215,9,0,1,0,0.0
1469,0,0.8817526591527605,46,0,0.6894408081880826,,12,0,0,0,2.0
1470,0,0.20570776239631675,35,0,0.32341343904997993,5544.0579539855935,8,0,0,0,0.0
1471,0,0.14366134970465125,46,1,0.07928176008340442,1476.696108951258,9,1,1,0,2.0
1472,0,0.053392028382045514,55,0,0.2522629759143062,10900.402601976752,14,0,2,1,0.0
1473,0,0.46282221536493595,51,2,1.3777150650911145,2428.07255855968,11,0,0,0,2.0
1474,0,0.3977787845916607,54,0,0.5593244181158596,5282.991770153402,9,1,1,0,0.0
1475,0,0.14552545285472526,42,0,0.6667475888841805,12475.59222486787,3,0,2,0,1.0
1476,0,0.007654860286317323,68,0,0.013350537429017706,10306.617113753196,7,1,2,0,2.0
1477,0,0.5479002948331925,35,2,0.252339062618323,,6,0,0,0,0.0
1478,0,0.0034451007312790664,58,0,0.41608580873594186,,9,1,3,0,0.0
1479,0,0.36491462419807136,68,0,0.7088596468205139,10488.235997515761,7,0,1,0,0.0
1480,0,1.0545495473819435,58,1,0.020211604540088756,8431.71931575104,8,0,1,0,0.0
1481,0,0.17269529749108767,49,0,0.7654051417535137,2996.8229324250806,5,0,1,0,1.0
1482,0,0.08035340431461206,44,0,0.3179842083929118,2602.1286026727234,15,0,2,0,1.0
1483,0,0.36610282923593945,66,0,0.08791665539040827,936.4684711596054,8,0,0,0,2.0
1484,0,0.5096908803027976,32,0,0.1526536636034362,5559.288844212793,4,0,2,2,1.0
1485,0,0.23718190895667016,38,0,0.13247503896377796,4600.139021037938,12,0,4,0,0.0
1486,0,1.023695170920925,46,2,0.30274079565913675,12197.0951475922,6,0,1,0,1.0
1487,0,0.01591541641276849,69,0,0.021227708162492254,6550.155539161946,8,0,1,0,1.0
1488,0,0.21083540067857212,57,0,0.06904489415087059,14290.972959400799,7,0,2,0,0.0
1489,0,0.38023777420493343,38,0,0.6700026114433115,2813.286403794502,3,0,1,0,1.0
1490,0,0.5955460477292037,47,0,0.056903859362526676,12216.224994840602,10,0,1,0,0.0
1491,0,0.059263068047986464,43,1,0.10631410388007206,3219.1315484667,6,0,0,0,0.0
1492,0,0.48283659642121274,42,0,0.24159369205585846,9155.195848832087,7,0,3,0,1.0
1493,0,0.24136247621994894,65,2,0.29119557704209764,1529.9545162071988,7,0,4,0,1.0
1494,0,0.1515294580508338,32,0,0.5769097297767716,5931.949793159253,8,0,2,0,2.0
1495,0,0.042370593034347814,74,0,0.2371994365698903,,10,0,2,0,2.0
1496,0,0.6014021131812765,63,0,0.6240013176937016,,11,0,0,0,0.0
1497,0,0.05133373916289329,67,0,0.38529665779939887,6990.331053361839,11,0,1,1,2.0
1498,0,0.11122688346672974,45,0,0.048009099517673515,,7,0,1,0,1.0
1499,0,0.10276633215831625,49,1,0.06799822441216366,2121.014724946297,11,0,0,0,0.0
1500,0,0.615347281110093,31,0,0.22981422229786022,9671.07523796269,10,0,1,1,0.0
